2014-01-02,1225
2014-01-03,1238.4
2014-01-06,1237.8
2014-01-07,1229.4
2014-01-08,1225.3
2014-01-09,1229.3
2014-01-10,1246.7
2014-01-13,1250.9
2014-01-14,1245.2
2014-01-15,1238.1
2014-01-16,1240
2014-01-17,1251.7
2014-01-21,1242.3
2014-01-22,1239
2014-01-23,1262.6
2014-01-24,1264.5
2014-01-27,1263.6
2014-01-28,1251
2014-01-29,1262.2
2014-01-30,1242.2
2014-01-31,1240.1
2014-02-03,1260.4
2014-02-04,1251.7
2014-02-05,1257.3
2014-02-06,1257.6
2014-02-07,1263.3
2014-02-10,1274.8
2014-02-11,1290.1
2014-02-12,1295.3
2014-02-13,1300.4
2014-02-14,1319
2014-02-18,1324.7
2014-02-19,1320.6
2014-02-20,1317.1
2014-02-21,1323.9
2014-02-24,1338.3
2014-02-25,1343
2014-02-26,1328.2
2014-02-27,1331.6
2014-02-28,1321.4
2014-03-03,1350.1
2014-03-04,1337.8
2014-03-05,1340.2
2014-03-06,1351.7
2014-03-07,1338.1
2014-03-09,1341.4
2014-03-10,1346.5
2014-03-11,1370.3
2014-03-12,1372.2
2014-03-13,1379
2014-03-16,1372.9
2014-03-17,1359
2014-03-18,1341.4
2014-03-19,1330.5
2014-03-20,1336
2014-03-23,1311.2
2014-03-24,1311.4
2014-03-25,1303.4
2014-03-26,1294.7
2014-03-27,1293.8
2014-03-31,1279.6
2014-04-01,1290.5
2014-04-02,1284.4
2014-04-03,1303.2
2014-04-06,1298
2014-04-07,1308.7
2014-04-08,1305.5
2014-04-09,1320.1
2014-04-10,1318.7
2014-04-13,1327.2
2014-04-14,1300
2014-04-15,1303.1
2014-04-16,1293.4
2014-04-20,1288
2014-04-21,1280.6
2014-04-22,1284.2
2014-04-23,1290.5
2014-04-24,1300.7
2014-04-27,1298.9
2014-04-28,1296
2014-04-29,1295.6
2014-04-30,1283.1
2014-05-01,1302.6
2014-05-04,1309
2014-05-05,1308.3
2014-05-06,1288.6
2014-05-07,1287.4
2014-05-08,1287.3
2014-05-11,1295.6
2014-05-12,1294.6
2014-05-13,1305.7
2014-05-14,1293.5
2014-05-15,1293.3
2014-05-18,1293.7
2014-05-19,1294.5
2014-05-20,1288
2014-05-21,1294.9
2014-05-22,1291.6
2014-05-26,1265.4
2014-05-27,1259.3
2014-05-28,1256.3
2014-05-29,1245.6
2014-06-01,1243.7
2014-06-02,1244.3
2014-06-03,1244
2014-06-04,1253
2014-06-05,1252.1
2014-06-08,1253.5
2014-06-09,1259.8
2014-06-10,1260.8
2014-06-11,1273.6
2014-06-12,1273.7
2014-06-15,1274.9
2014-06-16,1271.7
2014-06-17,1272.4
2014-06-18,1313.7
2014-06-19,1316.2
2014-06-22,1318
2014-06-23,1320.9
2014-06-24,1322.2
2014-06-25,1316.1
2014-06-26,1319
2014-06-30,1326.4
2014-07-01,1330.7
2014-07-03,1320.4
2014-07-06,1316.5
2014-07-07,1316
2014-07-08,1323.8
2014-07-09,1338.7
2014-07-10,1337
2014-07-13,1306.3
2014-07-14,1296.9
2014-07-15,1299.6
2014-07-16,1316.7
2014-07-17,1309.2
2014-07-20,1313.7
2014-07-21,1306.1
2014-07-22,1304.5
2014-07-23,1290.6
2014-07-24,1303.1
2014-07-27,1303.3
2014-07-28,1298.3
2014-07-29,1294.9
2014-07-30,1281.3
2014-07-31,1293.6
2014-08-03,1287.7
2014-08-04,1284
2014-08-05,1306.7
2014-08-06,1310.8
2014-08-07,1308.9
2014-08-10,1308.5
2014-08-11,1308.8
2014-08-12,1312.8
2014-08-13,1313.9
2014-08-14,1304.5
2014-08-17,1297.7
2014-08-18,1295.1
2014-08-19,1293.4
2014-08-20,1273.7
2014-08-21,1278.6
2014-08-24,1277.3
2014-08-25,1283.8
2014-08-26,1281.9
2014-08-27,1288.7
2014-08-28,1285.8
2014-09-01,1263.7
2014-09-02,1268.9
2014-09-03,1265.1
2014-09-04,1265.8
2014-09-07,1252.7
2014-09-08,1246.8
2014-09-09,1243.5
2014-09-10,1237.4
2014-09-11,1229.9
2014-09-14,1233.6
2014-09-15,1235.2
2014-09-16,1234.4
2014-09-17,1225.7
2014-09-18,1215.3
2014-09-21,1216.8
2014-09-22,1221
2014-09-23,1218.6
2014-09-24,1221.2
2014-09-25,1214.1
2014-09-28,1217.5
2014-09-30,1214.6
2014-10-01,1214.2
2014-10-02,1192.2
2014-10-05,1206.7
2014-10-06,1211.7
2014-10-07,1205.3
2014-10-08,1224.6
2014-10-09,1221
2014-10-12,1229.3
2014-10-13,1233.6
2014-10-14,1244.1
2014-10-15,1240.5
2014-10-16,1238.3
2014-10-19,1244
2014-10-20,1251
2014-10-21,1244.8
2014-10-22,1228.5
2014-10-23,1231.2
2014-10-26,1229.1
2014-10-27,1229.2
2014-10-28,1224.3
2014-10-29,1198.1
2014-10-30,1171.1
2014-11-03,1169.4
2014-11-04,1167.4
2014-11-05,1145.4
2014-11-06,1142.3
2014-11-07,1169.6
2014-11-10,1159.6
2014-11-11,1162.8
2014-11-12,1158.9
2014-11-13,1161.1
2014-11-14,1185
2014-11-17,1183
2014-11-18,1196.7
2014-11-19,1193.6
2014-11-20,1190.7
2014-11-21,1197.5
2014-11-24,1195.5
2014-11-25,1197.1
2014-11-26,1196.6
2014-11-28,1175.2
2014-12-01,1218
2014-12-02,1199.2
2014-12-03,1208.5
2014-12-04,1207.5
2014-12-05,1190.1
2014-12-08,1194.7
2014-12-09,1231.5
2014-12-10,1228.9
2014-12-11,1225.1
2014-12-12,1222
2014-12-15,1207.2
2014-12-16,1193.9
2014-12-17,1194.3
2014-12-18,1194.7
2014-12-19,1195.9
2014-12-22,1179.7
2014-12-23,1177.9
2014-12-24,1173.5
2014-12-26,1195.3
2014-12-29,1181.7
2014-12-30,1200.2
2015-01-02,1186
2015-01-05,1203.9
2015-01-06,1219.3
2015-01-07,1210.6
2015-01-08,1208.4
2015-01-09,1216
2015-01-12,1232.7
2015-01-13,1234.3
2015-01-14,1234.4
2015-01-15,1264.7
2015-01-16,1276.9
2015-01-20,1294.2
2015-01-21,1293.7
2015-01-22,1300.7
2015-01-23,1292.6
2015-01-26,1279.4
2015-01-27,1291.7
2015-01-28,1285.9
2015-01-29,1254.6
2015-01-30,1278.5
2015-02-02,1276.2
2015-02-03,1259.7
2015-02-04,1263.8
2015-02-05,1262
2015-02-06,1233.9
2015-02-09,1240.8
2015-02-10,1231.6
2015-02-11,1219
2015-02-12,1220.1
2015-02-13,1226.5
2015-02-17,1208.1
2015-02-18,1199.7
2015-02-19,1207.1
2015-02-20,1204.4
2015-02-23,1200.3
2015-02-24,1196.9
2015-02-25,1201
2015-02-26,1209.6
2015-02-27,1212.6
2015-03-02,1207.7
2015-03-03,1204
2015-03-04,1200.6
2015-03-05,1195.9
2015-03-06,1164.1
2015-03-08,1166.4
2015-03-09,1160.1
2015-03-10,1150.7
2015-03-11,1152.1
2015-03-12,1152.6
2015-03-15,1153.3
2015-03-16,1148.3
2015-03-17,1151.4
2015-03-18,1169.1
2015-03-19,1184.8
2015-03-22,1188
2015-03-23,1191.7
2015-03-24,1197.3
2015-03-25,1205.1
2015-03-26,1199.8
2015-03-29,1184.8
2015-03-31,1208.1
2015-04-01,1200.9
2015-04-05,1218.6
2015-04-06,1210.6
2015-04-07,1203.1
2015-04-08,1193.6
2015-04-09,1204.6
2015-04-12,1199.3
2015-04-13,1192.8
2015-04-14,1201.5
2015-04-15,1198
2015-04-16,1202.9
2015-04-19,1193.5
2015-04-20,1202.9
2015-04-21,1186.9
2015-04-22,1194.4
2015-04-23,1175.2
2015-04-26,1203.3
2015-04-27,1214
2015-04-28,1209.8
2015-04-29,1182.4
2015-04-30,1174.5
2015-05-03,1186.8
2015-05-04,1193.2
2015-05-05,1190.3
2015-05-06,1182.4
2015-05-07,1189.1
2015-05-10,1183.2
2015-05-11,1192.6
2015-05-12,1218.4
2015-05-13,1225.4
2015-05-14,1225.5
2015-05-17,1227.8
2015-05-18,1206.9
2015-05-19,1208.9
2015-05-20,1204.4
2015-05-21,1204.3
2015-05-25,1187.2
2015-05-26,1185.9
2015-05-27,1188.1
2015-05-28,1189.4
2015-05-31,1188.3
2015-06-01,1194.1
2015-06-02,1184.7
2015-06-03,1174.9
2015-06-04,1167.8
2015-06-07,1173.2
2015-06-08,1177.3
2015-06-09,1186.1
2015-06-10,1179.9
2015-06-11,1178.8
2015-06-14,1185.3
2015-06-15,1180.5
2015-06-16,1176.4
2015-06-17,1201.5
2015-06-18,1201.5
2015-06-21,1183.7
2015-06-22,1176.2
2015-06-23,1172.6
2015-06-24,1171.5
2015-06-25,1172.9
2015-06-28,1178.5
2015-06-30,1169
2015-07-01,1163
2015-07-05,1172.9
2015-07-06,1152.4
2015-07-07,1163.3
2015-07-08,1159
2015-07-09,1157.7
2015-07-12,1155.2
2015-07-13,1153.3
2015-07-14,1147.2
2015-07-15,1143.8
2015-07-16,1131.8
2015-07-19,1106.7
2015-07-20,1103.4
2015-07-21,1091.4
2015-07-22,1094
2015-07-23,1085.6
2015-07-26,1096.5
2015-07-27,1096.3
2015-07-28,1092.7
2015-07-29,1088.4
2015-07-30,1094.9
2015-08-02,1089.4
2015-08-03,1090.7
2015-08-04,1085.7
2015-08-05,1090.2
2015-08-06,1094.1
2015-08-09,1104.2
2015-08-10,1107.6
2015-08-11,1123.2
2015-08-12,1115.7
2015-08-13,1112.9
2015-08-16,1118.6
2015-08-17,1117.1
2015-08-18,1128.1
2015-08-19,1153
2015-08-20,1159.6
2015-08-23,1153.4
2015-08-24,1138.2
2015-08-25,1124.6
2015-08-26,1122.4
2015-08-27,1133.1
2015-08-30,1131.6
2015-08-31,1138.7
2015-09-01,1132.5
2015-09-02,1123.7
2015-09-03,1120.6
2015-09-07,1120.4
2015-09-08,1102.2
2015-09-09,1109.5
2015-09-10,1103.5
2015-09-13,1107.7
2015-09-14,1102.8
2015-09-15,1119.2
2015-09-16,1117.3
2015-09-17,1138.1
2015-09-20,1133.1
2015-09-21,1125
2015-09-22,1131.6
2015-09-23,1153.8
2015-09-24,1146
2015-09-27,1132
2015-09-28,1127.1
2015-09-30,1114.2
2015-10-01,1137.1
2015-10-04,1138.1
2015-10-05,1146.8
2015-10-06,1149
2015-10-07,1144.7
2015-10-08,1156.3
2015-10-11,1164.9
2015-10-12,1165.8
2015-10-13,1180.1
2015-10-14,1187.9
2015-10-15,1183.6
2015-10-18,1173.3
2015-10-19,1178
2015-10-20,1167.6
2015-10-21,1166.6
2015-10-22,1163.3
2015-10-25,1167
2015-10-26,1166.8
2015-10-27,1177.1
2015-10-28,1147.2
2015-10-29,1141.5
2015-11-02,1135.8
2015-11-03,1114.2
2015-11-04,1106.5
2015-11-05,1104.4
2015-11-06,1087.6
2015-11-09,1087.9
2015-11-10,1088.2
2015-11-11,1084.7
2015-11-12,1080.8
2015-11-13,1080.8
2015-11-16,1083.7
2015-11-17,1068.7
2015-11-18,1068.8
2015-11-19,1078
2015-11-20,1076.4
2015-11-23,1066.8
2015-11-24,1074.3
2015-11-25,1070.5
2015-11-27,1056.2
2015-11-30,1065.8
2015-12-01,1063.8
2015-12-02,1054.2
2015-12-03,1061.7
2015-12-04,1084.5
2015-12-07,1076.4
2015-12-08,1076.3
2015-12-09,1077.6
2015-12-10,1073.1
2015-12-11,1076.9
2015-12-14,1064.7
2015-12-15,1062.9
2015-12-16,1078
2015-12-17,1050.8
2015-12-18,1066.2
2015-12-21,1081.9
2015-12-22,1074.8
2015-12-23,1069.4
2015-12-24,1077.2
2015-12-28,1070.5
2015-12-29,1077.5
2015-12-30,1060.1
2016-01-04,1075.1
2016-01-05,1078.4
2016-01-06,1091.9
2016-01-07,1107.7
2016-01-08,1097.8
2016-01-11,1096.5
2016-01-12,1085.6
2016-01-13,1087.5
2016-01-14,1073.9
2016-01-15,1091.5
2016-01-19,1089.9
2016-01-20,1107.1
2016-01-21,1099.1
2016-01-22,1097.2
2016-01-25,1106.2
2016-01-26,1121.7
2016-01-27,1116.1
2016-01-28,1115.6
2016-01-29,1116.4
2016-02-01,1127.9
2016-02-02,1127.3
2016-02-03,1141.3
2016-02-04,1157.6
2016-02-05,1157.8
2016-02-08,1197.9
2016-02-09,1198.7
2016-02-10,1194.7
2016-02-11,1247.9
2016-02-12,1239.1
2016-02-16,1207.9
2016-02-17,1211.1
2016-02-18,1226.1
2016-02-19,1230.4
2016-02-22,1209.5
2016-02-23,1222.3
2016-02-24,1238.7
2016-02-25,1238.2
2016-02-26,1219.8
2016-02-29,1233.9
2016-03-01,1230.3
2016-03-02,1241.1
2016-03-03,1257.4
2016-03-04,1269.9
2016-03-07,1263.2
2016-03-08,1262.1
2016-03-09,1256.6
2016-03-10,1272
2016-03-11,1258.7
2016-03-13,1244.4
2016-03-14,1230.4
2016-03-15,1229.3
2016-03-16,1264.5
2016-03-17,1253.8
2016-03-20,1243.8
2016-03-21,1248.2
2016-03-22,1223.7
2016-03-23,1221.4
2016-03-27,1219.9
2016-03-28,1235.6
2016-03-29,1226.9
2016-03-31,1222.2
2016-04-03,1218
2016-04-04,1228.4
2016-04-05,1222.5
2016-04-06,1236.2
2016-04-07,1242.5
2016-04-10,1256.7
2016-04-11,1259.4
2016-04-12,1246.8
2016-04-13,1225
2016-04-14,1233.1
2016-04-17,1233.6
2016-04-18,1253
2016-04-19,1253.2
2016-04-20,1249
2016-04-21,1228.7
2016-04-24,1238.9
2016-04-25,1242.2
2016-04-26,1249.2
2016-04-27,1265.5
2016-04-28,1289.2
2016-05-01,1294.7
2016-05-02,1290.7
2016-05-03,1273.3
2016-05-04,1271.4
2016-05-05,1292.9
2016-05-08,1265.6
2016-05-09,1263.9
2016-05-10,1274.6
2016-05-11,1270.3
2016-05-12,1271.9
2016-05-15,1273.4
2016-05-16,1276.2
2016-05-17,1273.7
2016-05-18,1254.2
2016-05-19,1252.4
2016-05-22,1251.1
2016-05-23,1228.9
2016-05-24,1223.5
2016-05-25,1220.1
2016-05-26,1213.8
2016-05-30,1214.8
2016-05-31,1211.9
2016-06-01,1209.8
2016-06-02,1240.1
2016-06-05,1244.6
2016-06-06,1244.4
2016-06-07,1259.8
2016-06-08,1270.2
2016-06-09,1273.4
2016-06-12,1284.4
2016-06-13,1285.6
2016-06-14,1285.8
2016-06-15,1296.1
2016-06-16,1292.5
2016-06-19,1290
2016-06-20,1270.5
2016-06-21,1268
2016-06-22,1261.2
2016-06-23,1320
2016-06-26,1322.5
2016-06-27,1315.3
2016-06-28,1323.9
2016-06-30,1336.7
2016-07-04,1356.4
2016-07-05,1364.9
2016-07-06,1360.1
2016-07-07,1356.6
2016-07-10,1355
2016-07-11,1334.1
2016-07-12,1342.4
2016-07-13,1331.3
2016-07-14,1326.5
2016-07-17,1328.4
2016-07-18,1331.5
2016-07-19,1318.8
2016-07-20,1330.5
2016-07-21,1323.1
2016-07-24,1319.3
2016-07-25,1320.7
2016-07-26,1326.6
2016-07-27,1332.3
2016-07-28,1349
2016-07-31,1351.4
2016-08-01,1364.4
2016-08-02,1356.1
2016-08-03,1358.8
2016-08-04,1336.4
2016-08-07,1333.4
2016-08-08,1339
2016-08-09,1344.3
2016-08-10,1342.5
2016-08-11,1335.8
2016-08-14,1340.3
2016-08-15,1350.5
2016-08-16,1342.7
2016-08-17,1351.2
2016-08-18,1340.4
2016-08-21,1337.7
2016-08-22,1340.6
2016-08-23,1324.4
2016-08-24,1320.1
2016-08-25,1321.5
2016-08-28,1322.9
2016-08-29,1311.7
2016-08-30,1306.9
2016-08-31,1312.2
2016-09-01,1322.1
2016-09-05,1349.4
2016-09-06,1344.3
2016-09-07,1336.8
2016-09-08,1330.1
2016-09-11,1321
2016-09-12,1319
2016-09-13,1321.5
2016-09-14,1313.5
2016-09-15,1305.8
2016-09-18,1313.5
2016-09-19,1313.7
2016-09-20,1326.9
2016-09-21,1340.4
2016-09-22,1337.2
2016-09-25,1339.7
2016-09-26,1325.9
2016-09-27,1319.4
2016-09-28,1321.7
2016-10-02,1309
2016-10-03,1266.3
2016-10-04,1265.2
2016-10-05,1249.8
2016-10-06,1248.9
2016-10-10,1253
2016-10-11,1251.1
2016-10-12,1255
2016-10-13,1253.1
2016-10-16,1254.4
2016-10-17,1260.8
2016-10-18,1267.9
2016-10-19,1265.6
2016-10-20,1265.9
2016-10-23,1262
2016-10-24,1271.9
2016-10-25,1264.8
2016-10-26,1267.9
2016-10-27,1275.5
2016-10-30,1271.5
2016-10-31,1286.4
2016-11-01,1306.8
2016-11-02,1302.1
2016-11-03,1303.3
2016-11-07,1278.3
2016-11-08,1273.4
2016-11-09,1272.6
2016-11-10,1265.5
2016-11-14,1221.2
2016-11-15,1224
2016-11-16,1223.4
2016-11-17,1216.5
2016-11-18,1208.5
2016-11-21,1209.6
2016-11-22,1211
2016-11-23,1189.1
2016-11-25,1178.2
2016-11-28,1190.6
2016-11-29,1187.9
2016-11-30,1170.8
2016-12-01,1166.9
2016-12-02,1175.1
2016-12-05,1174
2016-12-06,1167.6
2016-12-07,1175
2016-12-08,1169.8
2016-12-09,1159.4
2016-12-12,1163.5
2016-12-13,1156.7
2016-12-14,1161.3
2016-12-15,1127.8
2016-12-16,1135.3
2016-12-19,1140.5
2016-12-20,1131.5
2016-12-21,1131.1
2016-12-22,1128.8
2016-12-23,1131.9
2016-12-27,1137.3
2016-12-28,1139.4
2016-12-29,1156.4
2016-12-30,1150
2017-01-03,1160.4
2017-01-04,1163.8
2017-01-05,1179.7
2017-01-06,1171.9
2017-01-09,1183.5
2017-01-10,1184.2
2017-01-11,1195.6
2017-01-12,1198.9
2017-01-13,1195.3
2017-01-17,1212
2017-01-18,1211.3
2017-01-19,1200.9
2017-01-20,1204.3
2017-01-23,1215
2017-01-24,1210.3
2017-01-25,1197.3
2017-01-26,1189.5
2017-01-27,1188.1
2017-01-30,1193.2
2017-01-31,1208.6
2017-02-01,1205.6
2017-02-02,1216.7
2017-02-03,1218.5
2017-02-06,1230
2017-02-07,1234.2
2017-02-08,1237.6
2017-02-09,1235.1
2017-02-10,1234.4
2017-02-13,1224.4
2017-02-14,1223.9
2017-02-15,1231.7
2017-02-16,1240
2017-02-17,1237.6
2017-02-21,1237.5
2017-02-22,1232
2017-02-23,1250.2
2017-02-24,1256.9
2017-02-27,1257.4
2017-02-28,1252.6
2017-03-01,1248.9
2017-03-02,1231.9
2017-03-03,1225.5
2017-03-06,1224.5
2017-03-07,1215.1
2017-03-08,1208.5
2017-03-09,1202.4
2017-03-10,1200.7
2017-03-12,1202.4
2017-03-13,1201.9
2017-03-14,1200.1
2017-03-15,1226.5
2017-03-16,1229.8
2017-03-19,1233.6
2017-03-20,1246.1
2017-03-21,1249.3
2017-03-22,1246.9
2017-03-23,1248.2
2017-03-26,1255.4
2017-03-27,1255.3
2017-03-28,1253.4
2017-03-29,1245
2017-04-02,1250.8
2017-04-03,1255
2017-04-04,1245.4
2017-04-05,1250.3
2017-04-06,1254.3
2017-04-09,1251.1
2017-04-10,1271.2
2017-04-11,1275.3
2017-04-12,1285.9
2017-04-16,1289.4
2017-04-17,1291.7
2017-04-18,1281.4
2017-04-19,1281.9
2017-04-20,1287.4
2017-04-23,1275.8
2017-04-24,1265.6
2017-04-25,1262.1
2017-04-26,1263.7
2017-04-27,1266.1
2017-04-30,1253.3
2017-05-01,1255.1
2017-05-02,1246.4
2017-05-03,1226.5
2017-05-04,1224.8
2017-05-07,1225.3
2017-05-08,1214.3
2017-05-09,1217.3
2017-05-10,1222.7
2017-05-11,1226.2
2017-05-14,1228.6
2017-05-15,1235
2017-05-16,1257.5
2017-05-17,1251.7
2017-05-18,1252.7
2017-05-21,1260.7
2017-05-22,1254.8
2017-05-23,1252.4
2017-05-24,1255.8
2017-05-25,1267.6
2017-05-29,1262.1
2017-05-30,1272
2017-05-31,1267
2017-06-01,1276.8
2017-06-04,1279.3
2017-06-05,1294.4
2017-06-06,1290.1
2017-06-07,1276.3
2017-06-08,1268.5
2017-06-11,1266.1
2017-06-12,1265.8
2017-06-13,1272.8
2017-06-14,1252.2
2017-06-15,1254
2017-06-18,1244.2
2017-06-19,1241
2017-06-20,1243.4
2017-06-21,1247.6
2017-06-22,1256.2
2017-06-25,1246.3
2017-06-26,1246.4
2017-06-27,1248
2017-06-28,1244.2
2017-07-03,1217.9
2017-07-04,1220.4
2017-07-05,1222.2
2017-07-06,1208.6
2017-07-09,1212.1
2017-07-10,1213.6
2017-07-11,1218.1
2017-07-12,1216.3
2017-07-13,1226.6
2017-07-16,1232.8
2017-07-17,1241.1
2017-07-18,1241.2
2017-07-19,1244.8
2017-07-20,1254.3
2017-07-23,1253.9
2017-07-24,1251.7
2017-07-25,1249
2017-07-26,1259.6
2017-07-27,1268.4
2017-07-30,1266.6
2017-07-31,1272.6
2017-08-01,1271.8
2017-08-02,1267.8
2017-08-03,1258.3
2017-08-06,1258.2
2017-08-07,1256.4
2017-08-08,1273
2017-08-09,1283.7
2017-08-10,1287.7
2017-08-13,1284.2
2017-08-14,1273.7
2017-08-15,1276.9
2017-08-16,1286.4
2017-08-17,1285.7
2017-08-20,1290.8
2017-08-21,1285.1
2017-08-22,1288.9
2017-08-23,1286.5
2017-08-24,1292.5
2017-08-27,1309.7
2017-08-28,1313.1
2017-08-29,1308.1
2017-08-30,1316.2
2017-08-31,1324.5
2017-09-04,1339.2
2017-09-05,1333.9
2017-09-06,1345.1
2017-09-07,1346
2017-09-10,1331
2017-09-11,1328
2017-09-12,1323.4
2017-09-13,1324.7
2017-09-14,1320.4
2017-09-17,1306.3
2017-09-18,1306.2
2017-09-19,1312
2017-09-20,1290.6
2017-09-21,1293.3
2017-09-24,1306.8
2017-09-25,1297
2017-09-26,1283.4
2017-09-27,1285.5
2017-09-28,1281.5
2017-10-01,1272.7
2017-10-02,1271.5
2017-10-03,1273.7
2017-10-04,1269.9
2017-10-05,1271.6
2017-10-08,1281.8
2017-10-09,1290.6
2017-10-10,1285.8
2017-10-11,1293.3
2017-10-12,1301.5
2017-10-15,1299.9
2017-10-16,1283
2017-10-17,1279.9
2017-10-18,1286.9
2017-10-19,1277.4
2017-10-22,1277.7
2017-10-23,1275
2017-10-24,1275.4
2017-10-25,1266.3
2017-10-26,1268.5
2017-10-29,1274.1
2017-10-30,1267
2017-10-31,1274.1
2017-11-01,1274.9
2017-11-02,1266.5
2017-11-06,1279.4
2017-11-07,1273.7
2017-11-08,1281.6
2017-11-09,1285.6
2017-11-10,1272.4
2017-11-13,1277.3
2017-11-14,1281.5
2017-11-15,1276.5
2017-11-16,1277.4
2017-11-17,1295.8
2017-11-20,1274.6
2017-11-21,1281.1
2017-11-22,1291.6
2017-11-24,1286.7
2017-11-27,1293.8
2017-11-28,1294.7
2017-11-29,1282.1
2017-11-30,1273.2
2017-12-01,1278.8
2017-12-04,1274.3
2017-12-05,1261.6
2017-12-06,1262.8
2017-12-07,1249.8
2017-12-08,1245.2
2017-12-11,1243.7
2017-12-12,1238.5
2017-12-13,1245.4
2017-12-14,1253.8
2017-12-15,1254.3
2017-12-18,1262.2
2017-12-19,1260.7
2017-12-20,1266.1
2017-12-21,1267.3
2017-12-22,1275.4
2017-12-26,1284.1
2017-12-27,1287
2017-12-28,1294.1
2017-12-29,1306.3
2018-01-02,1313.7
2018-01-03,1316.2
2018-01-04,1319.4
2018-01-05,1320.3
2018-01-08,1318.6
2018-01-09,1311.7
2018-01-10,1317.4
2018-01-11,1320.6
2018-01-12,1333.4
2018-01-16,1335.4
2018-01-17,1338
2018-01-18,1326
2018-01-19,1331.9
2018-01-22,1330.9
2018-01-23,1335.7
2018-01-24,1355.9
2018-01-25,1362.4
2018-01-26,1351.6
2018-01-30,1335.4
2018-01-31,1339
2018-02-01,1344.3
2018-02-02,1333.7
2018-02-05,1333
2018-02-06,1326.1
2018-02-07,1311.6
2018-02-08,1316.9
2018-02-09,1313.1
2018-02-12,1324.2
2018-02-13,1328.1
2018-02-14,1355.5
2018-02-15,1352.1
2018-02-16,1353.2
2018-02-20,1328.8
2018-02-21,1330
2018-02-22,1330.6
2018-02-23,1328.2
2018-02-26,1330.7
2018-02-27,1315.5
2018-02-28,1315.5
2018-03-01,1302.9
2018-03-02,1321.1
2018-03-05,1318.1
2018-03-06,1333.6
2018-03-07,1326
2018-03-08,1319.9
2018-03-09,1322.4
2018-03-11,1319.4
2018-03-12,1325.9
2018-03-13,1324.4
2018-03-14,1316.8
2018-03-15,1311.3
2018-03-18,1316.8
2018-03-19,1311.1
2018-03-20,1320.7
2018-03-21,1326.6
2018-03-22,1349.3
2018-03-25,1354.4
2018-03-26,1341.3
2018-03-27,1324.2
2018-03-28,1322.8
2018-04-01,1342.1
2018-04-02,1332.8
2018-04-03,1335.8
2018-04-04,1324.3
2018-04-05,1331.9
2018-04-08,1336.3
2018-04-09,1342
2018-04-10,1356.5
2018-04-11,1338.4
2018-04-12,1344.8
2018-04-15,1347.5
2018-04-16,1347.2
2018-04-17,1351.2
2018-04-18,1346.8
2018-04-19,1336.7
2018-04-22,1322.5
2018-04-23,1331.4
2018-04-24,1321.2
2018-04-25,1316.3
2018-04-26,1320.3
2018-04-29,1316.2
2018-04-30,1303.8
2018-05-01,1302.6
2018-05-02,1310.7
2018-05-03,1312.7
2018-05-06,1312.2
2018-05-07,1312
2018-05-08,1311.3
2018-05-09,1320.8
2018-05-10,1319
2018-05-13,1316.5
2018-05-14,1288.9
2018-05-15,1290.2
2018-05-16,1288.2
2018-05-17,1290.2
2018-05-20,1290.2
2018-05-21,1291.7
2018-05-22,1289.3
2018-05-23,1303.7
2018-05-24,1303.3
2018-05-28,1298.7
2018-05-29,1301.5
2018-05-30,1300.1
2018-05-31,1294.8
2018-06-03,1293.1
2018-06-04,1297.5
2018-06-05,1297.1
2018-06-06,1298.7
2018-06-07,1298.1
2018-06-10,1298.9
2018-06-11,1295.1
2018-06-12,1296.9
2018-06-13,1304
2018-06-14,1274.6
2018-06-17,1276.2
2018-06-18,1275.6
2018-06-19,1271.2
2018-06-20,1267.2
2018-06-21,1267.4
2018-06-24,1265.6
2018-06-25,1256.6
2018-06-26,1252.8
2018-06-27,1247.8
2018-06-28,1251.3
2018-07-01,1239.8
2018-07-03,1251.6
2018-07-04,1257.3
2018-07-05,1254.3
2018-07-08,1258.1
2018-07-09,1253.8
2018-07-10,1242.8
2018-07-11,1245
2018-07-12,1239.6
2018-07-15,1238.1
2018-07-16,1225.7
2018-07-17,1226.3
2018-07-18,1222.4
2018-07-19,1229.5
2018-07-22,1224
2018-07-23,1223.9
2018-07-24,1231.4
2018-07-25,1225.3
2018-07-26,1222.6
2018-07-29,1221.3
2018-07-30,1223.7
2018-07-31,1217.9
2018-08-01,1210.6
2018-08-02,1214.2
2018-08-05,1208.6
2018-08-06,1209.6
2018-08-07,1212.6
2018-08-08,1211.9
2018-08-09,1211.1
2018-08-12,1191.3
2018-08-13,1193
2018-08-14,1177.5
2018-08-15,1176.2
2018-08-16,1176.5
2018-08-19,1186.8
2018-08-20,1192.6
2018-08-21,1196.3
2018-08-22,1187
2018-08-23,1206.3
2018-08-26,1209
2018-08-27,1207.4
2018-08-28,1204.5
2018-08-29,1197.7
2018-08-30,1200.3
2018-09-03,1192.7
2018-09-04,1194.9
2018-09-05,1197.9
2018-09-06,1193.6
2018-09-09,1193
2018-09-10,1195.4
2018-09-11,1204.7
2018-09-12,1202
2018-09-13,1195
2018-09-16,1199.7
2018-09-17,1196.8
2018-09-18,1202.2
2018-09-19,1206.2
2018-09-20,1196.2
2018-09-23,1199.3
2018-09-24,1200
2018-09-25,1194
2018-09-26,1182.3
2018-09-27,1191.5
2018-09-30,1187.1
2018-10-01,1202.4
2018-10-02,1198.3
2018-10-03,1197.2
2018-10-04,1201.2
2018-10-07,1184.4
2018-10-08,1187.2
2018-10-09,1189.3
2018-10-10,1223.5
2018-10-11,1218.1
2018-10-14,1226.4
2018-10-15,1227.3
2018-10-16,1223.7
2018-10-17,1226.5
2018-10-18,1225.3
2018-10-21,1221.2
2018-10-22,1233.4
2018-10-23,1227.8
2018-10-24,1229.1
2018-10-25,1232.5
2018-10-28,1224.5
2018-10-29,1222.6
2018-10-30,1212.3
2018-10-31,1236
2018-11-01,1230.9
2018-11-05,1229.8
2018-11-06,1223.8
2018-11-07,1226.2
2018-11-08,1222.9
2018-11-09,1206.4
2018-11-12,1201.3
2018-11-13,1199.2
2018-11-14,1207.9
2018-11-15,1212.8
2018-11-16,1220.8
2018-11-19,1223.1
2018-11-20,1219
2018-11-21,1225.8
2018-11-23,1221
2018-11-26,1220.2
2018-11-27,1211.2
2018-11-28,1221.4
2018-11-29,1224.1
2018-11-30,1220.2
2018-12-03,1233.9
2018-12-04,1241.1
2018-12-06,1238.1
2018-12-07,1246.8
2018-12-10,1243.7
2018-12-11,1241.9
2018-12-12,1244.4
2018-12-13,1242.7
2018-12-14,1237
2018-12-17,1247.4
2018-12-18,1249.2
2018-12-19,1252.1
2018-12-20,1263.6
2018-12-21,1253.8
2018-12-24,1267.5
2018-12-26,1269.2
2018-12-27,1277.3
2018-12-28,1279.9
2019-01-02,1281
2019-01-03,1291.8
2019-01-04,1282.7
2019-01-07,1286.8
2019-01-08,1283.2
2019-01-09,1289.3
2019-01-10,1284.7
2019-01-11,1287.1
2019-01-14,1289.1
2019-01-15,1286.2
2019-01-16,1291.6
2019-01-17,1291
2019-01-18,1281.3
2019-01-22,1282.5
2019-01-23,1283.1
2019-01-24,1279.1
2019-01-25,1297.4
2019-01-28,1302.4
2019-01-29,1308.2
2019-01-30,1309.9
2019-01-31,1319.7
2019-02-01,1316.9
2019-02-04,1314.3
2019-02-05,1314.2
2019-02-06,1309.5
2019-02-07,1309.4
2019-02-08,1313.7
2019-02-11,1307
2019-02-12,1309.2
2019-02-13,1310.8
2019-02-14,1309.8
2019-02-15,1318.1
2019-02-19,1340.1
2019-02-20,1343.3
2019-02-21,1323.5
2019-02-22,1329.2
2019-02-25,1325.9
2019-02-26,1325.1
2019-02-27,1317.7
2019-02-28,1312.8
2019-03-01,1296.4
2019-03-04,1284.8
2019-03-05,1282
2019-03-06,1284.9
2019-03-07,1283.8
2019-03-08,1297
2019-03-10,1288.8
2019-03-11,1296.3
2019-03-12,1307.5
2019-03-13,1293.4
2019-03-14,1301.8
2019-03-17,1300.3
2019-03-18,1305
2019-03-19,1300.5
2019-03-20,1306.1
2019-03-21,1311.6
2019-03-24,1321.9
2019-03-25,1314.3
2019-03-26,1309.9
2019-03-27,1289.8
2019-03-28,1293
2019-03-31,1288.4
2019-04-01,1290
2019-04-02,1289.9
2019-04-03,1289
2019-04-04,1290.4
2019-04-07,1297.1
2019-04-08,1303.5
2019-04-09,1309.1
2019-04-10,1288.6
2019-04-11,1290.6
2019-04-14,1286.8
2019-04-15,1272.6
2019-04-16,1272.2
2019-04-17,1271.9
2019-04-21,1273.5
2019-04-22,1269.3
2019-04-23,1275.5
2019-04-24,1275.8
2019-04-25,1284.9
2019-04-28,1278.6
2019-04-29,1282.8
2019-04-30,1281.4
2019-05-01,1269.7
2019-05-02,1279.2
2019-05-05,1281.7
2019-05-06,1283.5
2019-05-07,1279.4
2019-05-08,1283.5
2019-05-09,1285.7
2019-05-12,1300.1
2019-05-13,1294.7
2019-05-14,1296.3
2019-05-15,1285
2019-05-16,1274.5
2019-05-19,1276.1
2019-05-20,1272
2019-05-21,1273.6
2019-05-22,1284.8
2019-05-23,1283
2019-05-27,1276.5
2019-05-28,1280.6
2019-05-29,1287.1
2019-05-30,1305.8
2019-06-02,1322.7
2019-06-03,1323.4
2019-06-04,1328.3
2019-06-05,1337.6
2019-06-06,1341.2
2019-06-09,1324.7
2019-06-10,1326.4
2019-06-11,1331.9
2019-06-12,1339.2
2019-06-13,1340.1
2019-06-16,1338.7
2019-06-17,1346.6
2019-06-18,1344.6
2019-06-19,1392.9
2019-06-20,1396.2
2019-06-23,1414.3
2019-06-24,1414.9
2019-06-25,1411.6
2019-06-26,1408.4
2019-06-27,1409.7
2019-06-30,1385.6
2019-07-01,1404.6
2019-07-03,1417.7
2019-07-04,1396.7
2019-07-07,1397
2019-07-08,1397.5
2019-07-09,1410.1
2019-07-10,1404.3
2019-07-11,1409.9
2019-07-14,1411.4
2019-07-15,1409.2
2019-07-16,1421.3
2019-07-17,1426.1
2019-07-18,1425.1
2019-07-21,1425.3
2019-07-22,1420.1
2019-07-23,1422.8
2019-07-24,1413.9
2019-07-25,1418.5
2019-07-28,1419.6
2019-07-29,1429.7
2019-07-30,1426.1
2019-07-31,1420.9
2019-08-01,1445.6
2019-08-04,1464.6
2019-08-05,1472.4
2019-08-06,1507.3
2019-08-07,1497.7
2019-08-08,1496.6
2019-08-11,1505.3
2019-08-12,1502.2
2019-08-13,1515.9
2019-08-14,1519.6
2019-08-15,1512.5
2019-08-18,1500.4
2019-08-19,1504.6
2019-08-20,1504.6
2019-08-21,1497.3
2019-08-22,1526.6
2019-08-25,1526.3
2019-08-26,1541
2019-08-27,1537.8
2019-08-28,1526.5
2019-08-29,1519.1
2019-09-02,1545.9
2019-09-03,1550.3
2019-09-04,1515.4
2019-09-05,1506.2
2019-09-08,1502.2
2019-09-09,1490.3
2019-09-10,1494.4
2019-09-11,1498.7
2019-09-12,1490.9
2019-09-15,1503.1
2019-09-16,1505.1
2019-09-17,1507.5
2019-09-18,1498.4
2019-09-19,1507.3
2019-09-22,1523.7
2019-09-23,1532.1
2019-09-24,1504.6
2019-09-25,1507.5
2019-09-26,1499.1
2019-09-30,1482
2019-10-01,1501
2019-10-02,1507.1
2019-10-03,1506.2
2019-10-06,1497.7
2019-10-07,1497.2
2019-10-08,1506.1
2019-10-09,1494.8
2019-10-10,1482.7
2019-10-13,1491.7
2019-10-14,1477.6
2019-10-15,1488
2019-10-16,1492.3
2019-10-17,1488.2
2019-10-20,1482.4
2019-10-21,1481.7
2019-10-22,1489.9
2019-10-23,1498.9
2019-10-24,1499.5
2019-10-27,1490
2019-10-28,1487
2019-10-29,1493.2
2019-10-30,1511.4
2019-10-31,1508
2019-11-04,1508
2019-11-05,1480.8
2019-11-06,1490.2
2019-11-07,1464.2
2019-11-08,1461.3
2019-11-11,1455.5
2019-11-12,1452.1
2019-11-13,1461.7
2019-11-14,1471.8
2019-11-15,1467.3
2019-11-18,1470.9
2019-11-19,1473.3
2019-11-20,1473.3
2019-11-21,1463.1
2019-11-22,1463.1
2019-11-25,1456.6
2019-11-26,1459.8
2019-11-27,1453.4
2019-11-29,1465.6
2019-12-02,1462.3
2019-12-03,1478.2
2019-12-04,1474
2019-12-05,1476.9
2019-12-06,1459.1
2019-12-09,1459.3
2019-12-10,1462.6
2019-12-11,1469.4
2019-12-12,1466.7
2019-12-13,1475.6
2019-12-16,1475
2019-12-17,1474.6
2019-12-18,1472.6
2019-12-19,1478.2
2019-12-20,1474.7
2019-12-23,1482.5
2019-12-24,1499.1
2019-12-26,1509.3
2019-12-27,1513.8
2019-12-30,1514.5
2020-01-02,1524.5
2020-01-03,1549.2
2020-01-06,1566.2
2020-01-07,1571.8
2020-01-08,1557.4
2020-01-09,1551.7
2020-01-10,1557.5
2020-01-13,1548.4
2020-01-14,1542.4
2020-01-15,1552.1
2020-01-16,1549
2020-01-17,1558.8
2020-01-21,1556.4
2020-01-22,1555.3
2020-01-23,1564.6
2020-01-24,1571.1
2020-01-27,1576.8
2020-01-28,1569.2
2020-01-29,1569.8
2020-01-30,1583.5
2020-01-31,1582.9
2020-02-03,1577.2
2020-02-04,1550.4
2020-02-05,1557.8
2020-02-06,1565.1
2020-02-07,1568.6
2020-02-10,1574.7
2020-02-11,1565.6
2020-02-12,1567.4
2020-02-13,1575.1
2020-02-14,1582.7
2020-02-18,1600
2020-02-19,1607.5
2020-02-20,1616.6
2020-02-21,1644.6
2020-02-24,1672.4
2020-02-25,1646.9
2020-02-26,1640
2020-02-27,1640
2020-02-28,1564.1
2020-03-02,1592.3
2020-03-03,1642.1
2020-03-04,1641.1
2020-03-05,1666.4
2020-03-06,1670.8
2020-03-08,1674.5
2020-03-09,1659.1
2020-03-10,1641.4
2020-03-11,1589.3
2020-03-12,1515.7
2020-03-15,1485.9
2020-03-16,1524.9
2020-03-17,1477.3
2020-03-18,1478.6
2020-03-19,1484
2020-03-22,1567
2020-03-23,1660.2
2020-03-24,1632.3
2020-03-25,1650.1
2020-03-26,1623.9
2020-03-29,1622
2020-03-31,1578.2
2020-04-01,1625.7
2020-04-02,1633.7
2020-04-05,1677
2020-04-06,1664.8
2020-04-07,1665.4
2020-04-08,1736.2
2020-04-12,1744.8
2020-04-13,1756.7
2020-04-14,1727.2
2020-04-15,1720.4
2020-04-16,1689.2
2020-04-19,1701.6
2020-04-20,1678.2
2020-04-21,1728.7
2020-04-22,1733.3
2020-04-23,1723.5
2020-04-26,1711.9
2020-04-27,1710.5
2020-04-28,1703.4
2020-04-29,1684.2
2020-04-30,1694.5
2020-05-03,1706.9
2020-05-04,1704.4
2020-05-05,1684.2
2020-05-06,1721.8
2020-05-07,1709.9
2020-05-10,1695.3
2020-05-11,1704.4
2020-05-12,1713.9
2020-05-13,1738.1
2020-05-14,1753.4
2020-05-17,1731.8
2020-05-18,1744.2
2020-05-19,1750.6
2020-05-20,1720.5
2020-05-21,1734.6
2020-05-25,1704.8
2020-05-26,1710.3
2020-05-27,1713.3
2020-05-28,1736.9
2020-05-31,1737.8
2020-06-01,1725.2
2020-06-02,1697.8
2020-06-03,1718.9
2020-06-04,1676.2
2020-06-07,1698.3
2020-06-08,1714.7
2020-06-09,1713.3
2020-06-10,1732
2020-06-11,1729.3
2020-06-14,1720.3
2020-06-15,1729.6
2020-06-16,1729.2
2020-06-17,1724.8
2020-06-18,1745.9
2020-06-21,1756.7
2020-06-22,1772.1
2020-06-23,1765.8
2020-06-24,1762.1
2020-06-25,1772.5
2020-06-28,1774.8
2020-06-30,1773.2
2020-07-01,1784
2020-07-05,1788.5
2020-07-06,1804.2
2020-07-07,1815.5
2020-07-08,1799.2
2020-07-09,1798.2
2020-07-12,1811
2020-07-13,1810.6
2020-07-14,1811.4
2020-07-15,1798.7
2020-07-16,1808.3
2020-07-19,1815.9
2020-07-20,1842.4
2020-07-21,1864.1
2020-07-22,1889.1
2020-07-23,1897.3
2020-07-26,1931
2020-07-27,1944.7
2020-07-28,1953.5
2020-07-29,1942.3
2020-07-30,1962.8
2020-08-02,1966
2020-08-03,2001.2
2020-08-04,2031.1
2020-08-05,2051.5
2020-08-06,2010.1
2020-08-09,2024.4
2020-08-10,1932.6
2020-08-11,1934.9
2020-08-12,1956.7
2020-08-13,1937
2020-08-16,1985
2020-08-17,1999.4
2020-08-18,1958.7
2020-08-19,1933.8
2020-08-20,1934.6
2020-08-23,1927.7
2020-08-24,1911.8
2020-08-25,1940.7
2020-08-26,1921.6
2020-08-27,1964.6
2020-08-30,1967.6
2020-08-31,1968.2
2020-09-01,1934.4
2020-09-02,1927.6
2020-09-03,1923.9
2020-09-07,1933
2020-09-08,1944.7
2020-09-09,1954.2
2020-09-10,1937.8
2020-09-13,1953.1
2020-09-14,1956.3
2020-09-15,1960.2
2020-09-16,1940
2020-09-17,1952.1
2020-09-20,1901.2
2020-09-21,1898.6
2020-09-22,1859.9
2020-09-23,1868.3
2020-09-24,1857.7
2020-09-27,1872.8
2020-09-28,1894.3
2020-09-30,1908.4
2020-10-01,1900.2
2020-10-04,1912.5
2020-10-05,1901.1
2020-10-06,1883.6
2020-10-07,1888.6
2020-10-08,1919.5
2020-10-11,1922.5
2020-10-12,1888.5
2020-10-13,1901.3
2020-10-14,1903.2
2020-10-15,1900.8
2020-10-18,1906.4
2020-10-19,1910.4
2020-10-20,1924.6
2020-10-21,1901.1
2020-10-22,1902
2020-10-25,1902.7
2020-10-26,1908.8
2020-10-27,1876.2
2020-10-28,1865.6
2020-10-29,1877.4
2020-11-02,1890.4
2020-11-03,1908.5
2020-11-04,1894.6
2020-11-05,1945.3
2020-11-06,1950.3
2020-11-09,1853.2
2020-11-10,1875.4
2020-11-11,1860.7
2020-11-12,1872.6
2020-11-13,1885.7
2020-11-16,1887.3
2020-11-17,1884.5
2020-11-18,1873.5
2020-11-19,1861.1
2020-11-20,1872.6
2020-11-23,1837.8
2020-11-24,1804.8
2020-11-25,1805.7
2020-11-27,1781.9
2020-11-30,1775.7
2020-12-01,1814.1
2020-12-02,1825.7
2020-12-03,1836.8
2020-12-04,1835.9
2020-12-07,1861.8
2020-12-08,1870.8
2020-12-09,1834.6
2020-12-10,1833.6
2020-12-11,1839.8
2020-12-14,1828.7
2020-12-15,1852.3
2020-12-16,1856.1
2020-12-17,1887.2
2020-12-18,1885.7
2020-12-21,1879.2
2020-12-22,1866.6
2020-12-23,1874.7
2020-12-24,1879.9
2020-12-28,1877.2
2020-12-29,1879.7
2020-12-30,1891
2021-01-04,1944.7
2021-01-05,1952.7
2021-01-06,1906.9
2021-01-07,1912.3
2021-01-08,1834.1
2021-01-11,1849.6
2021-01-12,1842.9
2021-01-13,1853.6
2021-01-14,1850.3
2021-01-15,1829.3
2021-01-19,1839.5
2021-01-20,1865.9
2021-01-21,1865.3
2021-01-22,1855.7
2021-01-25,1854.9
2021-01-26,1850.7
2021-01-27,1844.9
2021-01-28,1837.9
2021-01-29,1847.3
2021-02-01,1860.8
2021-02-02,1830.5
2021-02-03,1832.2
2021-02-04,1788.9
2021-02-05,1810.9
2021-02-08,1831.9
2021-02-09,1835.3
2021-02-10,1840.6
2021-02-11,1824.9
2021-02-12,1821.6
2021-02-16,1797.2
2021-02-17,1771.1
2021-02-18,1773.4
2021-02-19,1775.8
2021-02-22,1806.7
2021-02-23,1804.4
2021-02-24,1796.4
2021-02-25,1774.4
2021-02-26,1728.1
2021-03-01,1722.5
2021-03-02,1733.1
2021-03-03,1715.3
2021-03-04,1700.2
2021-03-05,1698
2021-03-08,1677.7
2021-03-09,1716.6
2021-03-10,1721.5
2021-03-11,1722.3
2021-03-12,1719.5
2021-03-14,1728.9
2021-03-15,1730.6
2021-03-16,1726.8
2021-03-17,1732.2
2021-03-18,1741.4
2021-03-21,1737.8
2021-03-22,1724.7
2021-03-23,1732.9
2021-03-24,1724.9
2021-03-25,1732.2
2021-03-28,1712.1
2021-03-29,1683.9
2021-03-31,1726.5
2021-04-04,1727
2021-04-05,1741.5
2021-04-06,1740.1
2021-04-07,1756.8
2021-04-08,1743.3
2021-04-11,1731.2
2021-04-12,1746.2
2021-04-13,1734.9
2021-04-14,1765.4
2021-04-15,1779
2021-04-18,1769.4
2021-04-19,1777.3
2021-04-20,1792.3
2021-04-21,1781.2
2021-04-22,1777
2021-04-25,1779.2
2021-04-26,1778
2021-04-27,1773.2
2021-04-28,1768.1
2021-04-29,1767.3
2021-05-02,1791.4
2021-05-03,1775.8
2021-05-04,1784.1
2021-05-05,1815.5
2021-05-06,1831.1
2021-05-09,1837.5
2021-05-10,1835.9
2021-05-11,1822.6
2021-05-12,1823.8
2021-05-13,1837.9
2021-05-16,1867.5
2021-05-17,1867.8
2021-05-18,1881.3
2021-05-19,1881.8
2021-05-20,1876.7
2021-05-23,1884.6
2021-05-24,1898.1
2021-05-25,1901.3
2021-05-26,1895.7
2021-05-27,1902.5
2021-05-31,1902.9
2021-06-01,1907.5
2021-06-02,1871.2
2021-06-03,1889.8
2021-06-06,1896.8
2021-06-07,1892.2
2021-06-08,1893.2
2021-06-09,1894.2
2021-06-10,1877.4
2021-06-13,1864
2021-06-14,1854.5
2021-06-15,1859.5
2021-06-16,1773.8
2021-06-17,1767.9
2021-06-20,1781.8
2021-06-21,1776.3
2021-06-22,1782.3
2021-06-23,1775.6
2021-06-24,1776.6
2021-06-27,1779.6
2021-06-28,1762.8
2021-06-30,1775.9
2021-07-01,1782.6
2021-07-05,1793.5
2021-07-06,1801.5
2021-07-07,1799.6
2021-07-08,1810
2021-07-11,1805.5
2021-07-12,1809.4
2021-07-13,1824.3
2021-07-14,1828.4
2021-07-15,1814.5
2021-07-18,1808.7
2021-07-19,1810.9
2021-07-20,1802.9
2021-07-21,1805
2021-07-22,1801.4
2021-07-25,1798.7
2021-07-26,1799.5
2021-07-27,1799.5
2021-07-28,1831.2
2021-07-29,1812.6
2021-08-01,1818.1
2021-08-02,1810.1
2021-08-03,1810.5
2021-08-04,1805.1
2021-08-05,1760
2021-08-08,1723.4
2021-08-09,1728.8
2021-08-10,1750.4
2021-08-11,1749
2021-08-12,1775.2
2021-08-15,1786.9
2021-08-16,1785
2021-08-17,1781.6
2021-08-18,1780.2
2021-08-19,1781
2021-08-22,1803.2
2021-08-23,1805.6
2021-08-24,1788.2
2021-08-25,1792.2
2021-08-26,1816.6
2021-08-29,1809
2021-08-30,1815
2021-08-31,1813.1
2021-09-01,1808.7
2021-09-02,1830.9
2021-09-06,1795.9
2021-09-07,1790.7
2021-09-08,1797.4
2021-09-09,1789.6
2021-09-12,1792
2021-09-13,1804.7
2021-09-14,1792.4
2021-09-15,1754.6
2021-09-16,1749.4
2021-09-19,1761.8
2021-09-20,1776
2021-09-21,1776.7
2021-09-22,1747.7
2021-09-23,1749.7
2021-09-26,1750
2021-09-27,1735.8
2021-09-28,1721.5
2021-09-30,1757
2021-10-03,1766.2
2021-10-04,1759.6
2021-10-05,1760.5
2021-10-06,1757.9
2021-10-07,1756.3
2021-10-10,1754.6
2021-10-11,1758.3
2021-10-12,1793.7
2021-10-13,1796.7
2021-10-14,1767.2
2021-10-17,1764.8
2021-10-18,1769.7
2021-10-19,1784.1
2021-10-20,1781.2
2021-10-21,1795.5
2021-10-24,1806
2021-10-25,1792.7
2021-10-26,1797.9
2021-10-27,1801.6
2021-10-28,1783
2021-10-31,1795.1
2021-11-01,1788.7
2021-11-02,1763.6
2021-11-03,1793
2021-11-04,1816.4
2021-11-08,1827.4
2021-11-09,1830.2
2021-11-10,1847.6
2021-11-11,1863.2
2021-11-12,1867.9
2021-11-15,1866.1
2021-11-16,1853.6
2021-11-17,1869.7
2021-11-18,1861
2021-11-19,1851.2
2021-11-22,1806
2021-11-23,1783.5
2021-11-24,1784.1
2021-11-26,1785.3
2021-11-29,1782.3
2021-11-30,1773.6
2021-12-01,1781.6
2021-12-02,1760.7
2021-12-03,1782
2021-12-06,1777.5
2021-12-07,1782.6
2021-12-08,1783.4
2021-12-09,1774.6
2021-12-10,1782.9
2021-12-13,1786.3
2021-12-14,1770.4
2021-12-15,1762.6
2021-12-16,1796.6
2021-12-17,1803.8
2021-12-20,1793.7
2021-12-21,1787.9
2021-12-22,1801.6
2021-12-23,1811.2
2021-12-27,1808.1
2021-12-28,1810.2
2021-12-29,1805.1
2021-12-30,1812.7
2022-01-03,1799.4
2022-01-04,1814
2022-01-05,1824.6
2022-01-06,1788.7
2022-01-07,1797
2022-01-10,1798.4
2022-01-11,1818.6
2022-01-12,1827.2
2022-01-13,1821.2
2022-01-14,1816.5
2022-01-18,1812.3
2022-01-19,1843.1
2022-01-20,1842.5
2022-01-21,1831.8
2022-01-24,1841.7
2022-01-25,1852.7
2022-01-26,1829.9
2022-01-27,1793.3
2022-01-28,1784.9
2022-01-31,1795
2022-02-01,1800.3
2022-02-02,1809.2
2022-02-03,1803
2022-02-04,1806.6
2022-02-07,1820.6
2022-02-08,1826.6
2022-02-09,1835.2
2022-02-10,1836.2
2022-02-11,1840.8
2022-02-14,1868
2022-02-15,1854.8
2022-02-16,1870.2
2022-02-17,1900.7
2022-02-18,1898.6
2022-02-22,1906.1
2022-02-23,1909.2
2022-02-24,1925.1
2022-02-25,1886.5
2022-02-28,1899.4
2022-03-01,1942.4
2022-03-02,1920.9
2022-03-03,1934.4
2022-03-04,1965.1
2022-03-07,1993.9
2022-03-08,2040.1
2022-03-09,1985.9
2022-03-10,1998.1
2022-03-11,1982.7
2022-03-13,1959.6
2022-03-14,1928.5
2022-03-15,1908
2022-03-16,1942.1
2022-03-17,1928.2
2022-03-20,1928.6
2022-03-21,1920.7
2022-03-22,1936.6
2022-03-23,1961.6
2022-03-24,1953.8
2022-03-27,1939.6
2022-03-28,1912
2022-03-29,1933.5
2022-03-31,1919.1
2022-04-03,1929.2
2022-04-04,1922.9
2022-04-05,1918.4
2022-04-06,1933.8
2022-04-07,1941.6
2022-04-10,1944.3
2022-04-11,1972.1
2022-04-12,1981
2022-04-13,1970.9
2022-04-17,1982.9
2022-04-18,1955.7
2022-04-19,1952.3
2022-04-20,1944.9
2022-04-21,1931
2022-04-24,1893.2
2022-04-25,1901.4
2022-04-26,1885.9
2022-04-27,1888.7
2022-04-28,1909.3
2022-05-01,1861.8
2022-05-02,1868.8
2022-05-03,1867
2022-05-04,1874
2022-05-05,1881.2
2022-05-08,1857.1
2022-05-09,1839.9
2022-05-10,1852.6
2022-05-11,1823.8
2022-05-12,1807.4
2022-05-15,1813.5
2022-05-16,1818.2
2022-05-17,1815.9
2022-05-18,1841.2
2022-05-19,1841.8
2022-05-22,1847.8
2022-05-23,1865.1
2022-05-24,1846.2
2022-05-25,1847.4
2022-05-26,1851.3
2022-05-30,1842.7
2022-05-31,1843.3
2022-06-01,1866.5
2022-06-02,1845.4
2022-06-05,1839.2
2022-06-06,1847.5
2022-06-07,1851.9
2022-06-08,1848.8
2022-06-09,1871.5
2022-06-12,1828
2022-06-13,1809.5
2022-06-14,1815.3
2022-06-15,1845.7
2022-06-16,1835.6
2022-06-20,1834.6
2022-06-21,1834.3
2022-06-22,1825.7
2022-06-23,1826.5
2022-06-26,1820.9
2022-06-27,1817.5
2022-06-28,1813.7
2022-06-30,1798.9
2022-07-04,1761.8
2022-07-05,1734.9
2022-07-06,1737.9
2022-07-07,1740.6
2022-07-10,1730
2022-07-11,1723.3
2022-07-12,1734.2
2022-07-13,1704.5
2022-07-14,1702.4
2022-07-17,1709.2
2022-07-18,1710
2022-07-19,1699.5
2022-07-20,1712.7
2022-07-21,1727.1
2022-07-24,1719
2022-07-25,1717.7
2022-07-26,1719.1
2022-07-27,1750.3
2022-07-28,1762.9
2022-07-31,1769
2022-08-01,1771.1
2022-08-02,1758
2022-08-03,1788.5
2022-08-04,1772.9
2022-08-07,1786.8
2022-08-08,1794
2022-08-09,1795.6
2022-08-10,1789.7
2022-08-11,1798.6
2022-08-14,1781.4
2022-08-15,1773.2
2022-08-16,1760.3
2022-08-17,1755.3
2022-08-18,1747.6
2022-08-21,1734
2022-08-22,1746.8
2022-08-23,1747.8
2022-08-24,1757.7
2022-08-25,1736.1
2022-08-28,1736.6
2022-08-29,1723.2
2022-08-30,1712.8
2022-08-31,1696.6
2022-09-01,1709.8
2022-09-05,1700.4
2022-09-06,1715.3
2022-09-07,1708
2022-09-08,1716.2
2022-09-11,1728.1
2022-09-12,1705
2022-09-13,1696.5
2022-09-14,1665.4
2022-09-15,1671.7
2022-09-18,1666.2
2022-09-19,1659.7
2022-09-20,1664.6
2022-09-21,1670.8
2022-09-22,1645.3
2022-09-25,1623.3
2022-09-26,1626.7
2022-09-27,1660.4
2022-09-28,1658.5
2022-10-02,1692.9
2022-10-03,1721.1
2022-10-04,1711.4
2022-10-05,1711.7
2022-10-06,1700.5
2022-10-09,1667.3
2022-10-10,1678.7
2022-10-11,1670.3
2022-10-12,1670
2022-10-13,1641.7
2022-10-16,1657
2022-10-17,1649
2022-10-18,1627.5
2022-10-19,1630.8
2022-10-20,1651
2022-10-23,1648.7
2022-10-24,1652.8
2022-10-25,1664
2022-10-26,1660.7
2022-10-27,1639.6
2022-10-30,1635.9
2022-10-31,1645
2022-11-01,1645.7
2022-11-02,1627.3
2022-11-03,1672.5
2022-11-07,1676.5
2022-11-08,1712.1
2022-11-09,1710.1
2022-11-10,1750.3
2022-11-11,1766
2022-11-14,1773.6
2022-11-15,1773.8
2022-11-16,1773
2022-11-17,1760.8
2022-11-18,1751.9
2022-11-21,1737.4
2022-11-22,1738.3
2022-11-23,1744.9
2022-11-25,1753.3
2022-11-28,1740.1
2022-11-29,1748.4
2022-11-30,1746
2022-12-01,1801.1
2022-12-02,1795.9
2022-12-05,1767.4
2022-12-06,1769.3
2022-12-07,1785.5
2022-12-08,1788.7
2022-12-09,1798.1
2022-12-12,1780.5
2022-12-13,1813.9
2022-12-14,1807.5
2022-12-15,1777.2
2022-12-16,1790
2022-12-19,1787.7
2022-12-20,1815.9
2022-12-21,1815.9
2022-12-22,1787
2022-12-23,1795.9
2022-12-27,1814.8
2022-12-28,1807.9
2022-12-29,1819.5
2022-12-30,1819.7
2023-01-03,1839.7
2023-01-04,1852.8
2023-01-05,1834.8
2023-01-06,1864.2
2023-01-09,1872.7
2023-01-10,1871.6
2023-01-11,1874.6
2023-01-12,1895.5
2023-01-13,1918.4
2023-01-17,1907.2
2023-01-18,1904.4
2023-01-19,1922.1
2023-01-20,1926.4
2023-01-23,1927.1
2023-01-24,1933.9
2023-01-25,1941.2
2023-01-26,1929.1
2023-01-27,1928.6
2023-01-30,1922.9
2023-01-31,1929.5
2023-02-01,1927.8
2023-02-02,1916.3
2023-02-03,1862.9
2023-02-06,1866.2
2023-02-07,1871.7
2023-02-08,1877.4
2023-02-09,1866.2
2023-02-10,1862.8
2023-02-13,1851.9
2023-02-14,1854
2023-02-15,1834.2
2023-02-16,1842
2023-02-17,1840.4
2023-02-21,1833
2023-02-22,1832
2023-02-23,1818
2023-02-24,1808.8
2023-02-27,1817
2023-02-28,1828.9
2023-03-01,1837.7
2023-03-02,1833.5
2023-03-03,1847.7
2023-03-06,1847.9
2023-03-07,1813.9
2023-03-08,1812.7
2023-03-09,1829.3
2023-03-10,1862
2023-03-12,1911.7
2023-03-13,1906.2
2023-03-14,1926.6
2023-03-15,1919
2023-03-16,1969.8
2023-03-19,1979.2
2023-03-20,1938
2023-03-21,1946.8
2023-03-22,1993.8
2023-03-23,1982.1
2023-03-26,1952.4
2023-03-27,1972.4
2023-03-28,1966.1
2023-03-29,1980.3
2023-04-02,1983.9
2023-04-03,2022.2
2023-04-04,2020.9
2023-04-05,2011.9
2023-04-09,1989.1
2023-04-10,2004.8
2023-04-11,2010.9
2023-04-12,2041.3
2023-04-13,2002.2
2023-04-16,1994.2
2023-04-17,2007.4
2023-04-18,1995.2
2023-04-19,2007.6
2023-04-20,1979.5
2023-04-23,1989.1
2023-04-24,1994
2023-04-25,1985.7
2023-04-26,1989.9
2023-04-27,1990.1
2023-04-30,1983.4
2023-05-01,2014.3
2023-05-02,2028.6
2023-05-03,2048
2023-05-04,2017.4
2023-05-07,2026.3
2023-05-08,2036.2
2023-05-09,2030.5
2023-05-10,2014.7
2023-05-11,2014.5
2023-05-14,2018
2023-05-15,1988.4
2023-05-16,1980.7
2023-05-17,1956.5
2023-05-18,1978.7
2023-05-21,1974.8
2023-05-22,1972.4
2023-05-23,1962.8
2023-05-24,1943.1
2023-05-25,1944.1
2023-05-29,1958
2023-05-30,1963.9
2023-05-31,1978
2023-06-01,1952.4
2023-06-04,1958
2023-06-05,1965.5
2023-06-06,1942.7
2023-06-07,1963.6
2023-06-08,1962.2
2023-06-11,1955.3
2023-06-12,1944.6
2023-06-13,1955.3
2023-06-14,1957.8
2023-06-15,1958.4
2023-06-19,1935.5
2023-06-20,1933.3
2023-06-21,1912.7
2023-06-22,1919.1
2023-06-25,1923.7
2023-06-26,1914
2023-06-27,1912.3
2023-06-28,1909.2
2023-07-03,1921.7
2023-07-04,1919.6
2023-07-05,1908.7
2023-07-06,1926.2
2023-07-09,1925
2023-07-10,1931.3
2023-07-11,1956.2
2023-07-12,1959.2
2023-07-13,1960.1
2023-07-16,1952.4
2023-07-17,1977.2
2023-07-18,1977.5
2023-07-19,1968.3
2023-07-20,1964.3
2023-07-23,1960.3
2023-07-24,1962.1
2023-07-25,1968.9
2023-07-26,1945.4
2023-07-27,1960.4
2023-07-30,1970.5
2023-07-31,1940.7
2023-08-01,1937.4
2023-08-02,1932
2023-08-03,1939.6
2023-08-06,1933.5
2023-08-07,1924.1
2023-08-08,1915.4
2023-08-09,1914.4
2023-08-10,1912.9
2023-08-13,1910.6
2023-08-14,1902.5
2023-08-15,1896.1
2023-08-16,1884.1
2023-08-17,1886.1
2023-08-20,1893.3
2023-08-21,1896.4
2023-08-22,1918.5
2023-08-23,1918.2
2023-08-24,1911.1
2023-08-27,1917.9
2023-08-28,1936.5
2023-08-29,1944.3
2023-08-30,1938.2
2023-08-31,1939.8
2023-09-04,1926.2
2023-09-05,1918.1
2023-09-06,1917.5
2023-09-07,1918.4
2023-09-10,1923.3
2023-09-11,1911.3
2023-09-12,1909.1
2023-09-13,1910
2023-09-14,1923.7
2023-09-17,1931.5
2023-09-18,1932
2023-09-19,1945.6
2023-09-20,1919.2
2023-09-21,1925.4
2023-09-24,1916.6
2023-09-25,1900.4
2023-09-26,1871.6
2023-09-27,1860.4
2023-09-28,1848.1
2023-10-01,1830
2023-10-02,1824.6
2023-10-03,1818.5
2023-10-04,1816.6
2023-10-05,1830.2
2023-10-08,1849.5
2023-10-09,1861
2023-10-10,1872.8
2023-10-11,1869.3
2023-10-12,1927.4
2023-10-15,1921.1
2023-10-16,1922.7
2023-10-17,1955.3
2023-10-18,1968.4
2023-10-19,1982.5
2023-10-22,1976.3
2023-10-23,1975
2023-10-24,1984.1
2023-10-25,1987.2
2023-10-26,1988.6
2023-10-29,1996.2
2023-10-30,1985.2
2023-10-31,1978.8
2023-11-01,1985.6
2023-11-02,1991.5
2023-11-06,1981.6
2023-11-07,1966.8
2023-11-08,1951.5
2023-11-09,1964.2
2023-11-10,1932.6
2023-11-13,1945.5
2023-11-14,1961.8
2023-11-15,1960.1
2023-11-16,1983.9
2023-11-17,1981.6
2023-11-20,1977.7
2023-11-21,1999.3
2023-11-22,1991.4
2023-11-23,1991.5
2023-11-24,2002.2
2023-11-27,2011.8
2023-11-28,2039.7
2023-11-29,2047.1
2023-11-30,2038.1
2023-12-01,2071
2023-12-04,2024.1
2023-12-05,2038.1
2023-12-06,2030.5
2023-12-07,2029.9
2023-12-08,1998.3
