2014-01-02,107.78
2014-01-03,106.89
2014-01-06,106.73
2014-01-07,107.35
2014-01-08,107.15
2014-01-09,106.39
2014-01-10,107.25
2014-01-13,106.75
2014-01-14,106.39
2014-01-15,107.13
2014-01-16,107.09
2014-01-17,107.06
2014-01-22,108.27
2014-01-23,107.58
2014-01-24,107.88
2014-01-27,106.69
2014-01-28,107.41
2014-01-29,107.85
2014-01-30,107.95
2014-01-31,106.4
2014-02-03,106.04
2014-02-04,105.78
2014-02-05,106.25
2014-02-06,107.19
2014-02-07,109.57
2014-02-10,108.63
2014-02-11,108.68
2014-02-12,108.79
2014-02-13,108.73
2014-02-14,108.73
2014-02-19,110.47
2014-02-20,110.3
2014-02-21,109.85
2014-02-24,110.64
2014-02-25,109.51
2014-02-26,109.52
2014-02-27,108.96
2014-02-28,109.07
2014-03-03,111.2
2014-03-04,109.3
2014-03-05,107.76
2014-03-06,108.1
2014-03-07,109
2014-03-09,108.08
2014-03-10,108.55
2014-03-11,108.02
2014-03-12,107.39
2014-03-13,108.57
2014-03-16,108.54
2014-03-17,106.79
2014-03-18,105.85
2014-03-19,106.45
2014-03-20,106.92
2014-03-23,106.81
2014-03-24,106.99
2014-03-25,107.03
2014-03-26,107.83
2014-03-27,108.07
2014-03-31,105.62
2014-04-01,104.79
2014-04-02,106.15
2014-04-03,106.72
2014-04-06,105.82
2014-04-07,107.67
2014-04-08,107.98
2014-04-09,107.46
2014-04-10,107.33
2014-04-13,109.07
2014-04-14,108.74
2014-04-15,108.8
2014-04-16,109.53
2014-04-20,109.95
2014-04-21,109.27
2014-04-22,109.11
2014-04-23,110.33
2014-04-24,109.58
2014-04-27,108.12
2014-04-28,108.98
2014-04-29,108.07
2014-04-30,107.76
2014-05-01,108.59
2014-05-04,107.72
2014-05-05,107.06
2014-05-06,108.13
2014-05-07,108.04
2014-05-08,107.89
2014-05-11,108.41
2014-05-12,109.24
2014-05-13,110.19
2014-05-14,110.44
2014-05-15,110.42
2014-05-18,109.37
2014-05-19,109.69
2014-05-20,110.55
2014-05-21,110.36
2014-05-22,110.54
2014-05-26,110.02
2014-05-27,109.81
2014-05-28,109.97
2014-05-29,109.41
2014-06-01,108.83
2014-06-02,108.82
2014-06-03,108.4
2014-06-04,108.79
2014-06-05,108.61
2014-06-08,109.99
2014-06-09,109.52
2014-06-10,109.95
2014-06-11,113.02
2014-06-12,113.41
2014-06-15,113.22
2014-06-16,113.45
2014-06-17,114.26
2014-06-18,115.06
2014-06-19,114.81
2014-06-22,114.12
2014-06-23,114.46
2014-06-24,114
2014-06-25,113.21
2014-06-26,113.3
2014-06-30,112.29
2014-07-01,111.24
2014-07-03,111
2014-07-06,110.24
2014-07-07,108.94
2014-07-08,108.28
2014-07-09,108.67
2014-07-10,106.66
2014-07-13,106.98
2014-07-14,106.02
2014-07-15,105.85
2014-07-16,105.96
2014-07-17,107.24
2014-07-20,107.68
2014-07-21,107.33
2014-07-22,108.03
2014-07-23,107.07
2014-07-24,108.39
2014-07-27,107.57
2014-07-28,107.72
2014-07-29,106.51
2014-07-30,106.02
2014-07-31,104.84
2014-08-03,105.41
2014-08-04,104.61
2014-08-05,104.59
2014-08-06,105.44
2014-08-07,105.02
2014-08-10,104.68
2014-08-11,103.02
2014-08-12,104.28
2014-08-13,102.01
2014-08-14,101.95
2014-08-17,101.6
2014-08-18,101.56
2014-08-19,102.28
2014-08-20,102.63
2014-08-21,102.29
2014-08-24,102.65
2014-08-25,102.5
2014-08-26,102.72
2014-08-27,102.46
2014-08-28,103.19
2014-09-01,100.34
2014-09-02,102.77
2014-09-03,101.83
2014-09-04,100.82
2014-09-07,100.2
2014-09-08,99.16
2014-09-09,98.04
2014-09-10,98.08
2014-09-11,97.11
2014-09-14,96.65
2014-09-15,96.63
2014-09-16,98.97
2014-09-17,97.7
2014-09-18,98.39
2014-09-21,96.97
2014-09-22,96.85
2014-09-23,96.95
2014-09-24,97
2014-09-25,97
2014-09-28,97.2
2014-09-30,94.16
2014-10-01,93.42
2014-10-02,92.31
2014-10-05,92.79
2014-10-06,92.11
2014-10-07,91.38
2014-10-08,90.05
2014-10-09,90.21
2014-10-12,88.89
2014-10-13,85.04
2014-10-14,83.78
2014-10-15,84.47
2014-10-16,84.54
2014-10-19,85.4
2014-10-20,86.22
2014-10-21,84.71
2014-10-22,86.83
2014-10-23,86.13
2014-10-26,85.83
2014-10-27,86.03
2014-10-28,87.12
2014-10-29,86.24
2014-10-30,85.86
2014-11-03,84.78
2014-11-04,82.82
2014-11-05,82.95
2014-11-06,82.86
2014-11-07,83.39
2014-11-10,82.34
2014-11-11,81.67
2014-11-12,80.38
2014-11-13,77.92
2014-11-14,77.74
2014-11-17,79.31
2014-11-18,78.47
2014-11-19,78.1
2014-11-20,79.33
2014-11-21,80.36
2014-11-24,79.68
2014-11-25,78.33
2014-11-26,77.75
2014-11-28,70.15
2014-12-01,72.54
2014-12-02,70.54
2014-12-03,69.92
2014-12-04,69.64
2014-12-05,69.07
2014-12-08,66.19
2014-12-09,66.84
2014-12-10,64.24
2014-12-11,63.68
2014-12-12,61.85
2014-12-15,61.06
2014-12-16,59.86
2014-12-17,59.8
2014-12-18,59.27
2014-12-19,61.38
2014-12-22,60.11
2014-12-23,61.69
2014-12-24,60.24
2014-12-26,59.45
2014-12-29,57.88
2014-12-30,57.9
2015-01-02,56.42
2015-01-05,53.11
2015-01-06,51.1
2015-01-07,51.15
2015-01-08,50.96
2015-01-09,50.11
2015-01-12,47.43
2015-01-13,46.59
2015-01-14,48.69
2015-01-15,47.67
2015-01-16,47.69
2015-01-20,47.99
2015-01-21,49.03
2015-01-22,48.52
2015-01-23,48.79
2015-01-26,48.16
2015-01-27,49.6
2015-01-28,48.47
2015-01-29,49.13
2015-01-30,52.99
2015-02-02,54.75
2015-02-03,57.91
2015-02-04,54.16
2015-02-05,56.57
2015-02-06,57.8
2015-02-09,58.34
2015-02-10,56.43
2015-02-11,54.66
2015-02-12,57.05
2015-02-13,57.39
2015-02-17,62.53
2015-02-18,60.53
2015-02-19,60.21
2015-02-20,60.22
2015-02-23,58.9
2015-02-24,58.66
2015-02-25,61.63
2015-02-26,60.05
2015-02-27,62.58
2015-03-02,59.54
2015-03-03,61.02
2015-03-04,60.55
2015-03-05,60.48
2015-03-06,59.73
2015-03-08,58.53
2015-03-09,56.39
2015-03-10,57.54
2015-03-11,57.08
2015-03-12,54.67
2015-03-15,53.44
2015-03-16,53.43
2015-03-17,55.91
2015-03-18,54.43
2015-03-19,55.32
2015-03-22,55.92
2015-03-23,55.11
2015-03-24,56.48
2015-03-25,59.19
2015-03-26,56.41
2015-03-29,56.29
2015-03-31,57.1
2015-04-01,54.95
2015-04-05,58.12
2015-04-06,59.1
2015-04-07,55.55
2015-04-08,56.57
2015-04-09,57.87
2015-04-12,57.93
2015-04-13,58.43
2015-04-14,60.32
2015-04-15,60.4
2015-04-16,63.45
2015-04-19,63.45
2015-04-20,62.08
2015-04-21,62.73
2015-04-22,64.85
2015-04-23,65.28
2015-04-26,64.83
2015-04-27,64.64
2015-04-28,65.84
2015-04-29,66.78
2015-04-30,66.46
2015-05-03,66.45
2015-05-04,67.52
2015-05-05,67.77
2015-05-06,65.54
2015-05-07,65.39
2015-05-10,64.91
2015-05-11,66.86
2015-05-12,66.81
2015-05-13,66.59
2015-05-14,66.57
2015-05-17,66.27
2015-05-18,64.02
2015-05-19,65.03
2015-05-20,66.54
2015-05-21,65.37
2015-05-25,63.72
2015-05-26,62.06
2015-05-27,62.58
2015-05-28,65.56
2015-05-31,64.88
2015-06-01,65.49
2015-06-02,63.8
2015-06-03,62.03
2015-06-04,63.31
2015-06-07,62.69
2015-06-08,64.88
2015-06-09,65.7
2015-06-10,65.11
2015-06-11,63.87
2015-06-14,62.61
2015-06-15,62.63
2015-06-16,63.87
2015-06-17,64.26
2015-06-18,63.02
2015-06-21,63.34
2015-06-22,64.45
2015-06-23,63.49
2015-06-24,63.2
2015-06-25,63.26
2015-06-28,62.01
2015-06-30,62.01
2015-07-01,62.07
2015-07-05,56.54
2015-07-06,56.85
2015-07-07,57.05
2015-07-08,58.61
2015-07-09,58.73
2015-07-12,57.85
2015-07-13,58.51
2015-07-14,57.05
2015-07-15,57.51
2015-07-16,57.52
2015-07-19,56.65
2015-07-20,57.04
2015-07-21,56.13
2015-07-22,55.27
2015-07-23,54.62
2015-07-26,53.47
2015-07-27,53.3
2015-07-28,53.38
2015-07-29,53.31
2015-07-30,52.21
2015-08-02,49.52
2015-08-03,49.99
2015-08-04,49.59
2015-08-05,49.52
2015-08-06,48.61
2015-08-09,50.41
2015-08-10,49.18
2015-08-11,49.66
2015-08-12,49.22
2015-08-13,49.03
2015-08-16,49.03
2015-08-17,48.81
2015-08-18,47.16
2015-08-19,46.62
2015-08-20,45.46
2015-08-23,42.69
2015-08-24,43.21
2015-08-25,43.14
2015-08-26,47.56
2015-08-27,50.05
2015-08-30,54.15
2015-08-31,49.56
2015-09-01,50.5
2015-09-02,50.68
2015-09-03,49.61
2015-09-07,49.52
2015-09-08,47.58
2015-09-09,48.89
2015-09-10,48.14
2015-09-13,46.37
2015-09-14,46.63
2015-09-15,46.61
2015-09-16,49.08
2015-09-17,47.47
2015-09-20,48.92
2015-09-21,49.08
2015-09-22,47.75
2015-09-23,48.17
2015-09-24,48.6
2015-09-27,47.34
2015-09-28,48.23
2015-09-30,47.69
2015-10-01,48.13
2015-10-04,49.25
2015-10-05,51.92
2015-10-06,51.33
2015-10-07,53.05
2015-10-08,52.65
2015-10-11,49.86
2015-10-12,49.24
2015-10-13,49.15
2015-10-14,48.71
2015-10-15,48.73
2015-10-18,48.61
2015-10-19,48.71
2015-10-20,47.85
2015-10-21,48.08
2015-10-22,47.99
2015-10-25,47.54
2015-10-26,46.81
2015-10-27,49.05
2015-10-28,48.8
2015-10-29,49.56
2015-11-02,48.79
2015-11-03,50.54
2015-11-04,48.58
2015-11-05,47.98
2015-11-06,47.42
2015-11-09,47.19
2015-11-10,47.44
2015-11-11,45.81
2015-11-12,44.06
2015-11-13,43.61
2015-11-16,43.58
2015-11-17,43.57
2015-11-18,44.14
2015-11-19,44.18
2015-11-20,44.66
2015-11-23,44.83
2015-11-24,46.12
2015-11-25,46.17
2015-11-27,44.86
2015-11-30,44.61
2015-12-01,44.44
2015-12-02,42.49
2015-12-03,43.84
2015-12-04,43
2015-12-07,40.73
2015-12-08,40.26
2015-12-09,40.11
2015-12-10,39.73
2015-12-11,37.93
2015-12-14,37.92
2015-12-15,38.45
2015-12-16,37.19
2015-12-17,37.18
2015-12-18,36.88
2015-12-21,36.35
2015-12-22,36.11
2015-12-23,37.36
2015-12-24,37.89
2015-12-28,36.62
2015-12-29,37.79
2015-12-30,36.46
2016-01-04,37.22
2016-01-05,36.42
2016-01-06,34.23
2016-01-07,33.75
2016-01-08,33.55
2016-01-11,31.55
2016-01-12,30.86
2016-01-13,30.31
2016-01-14,31.03
2016-01-15,31.01
2016-01-19,28.76
2016-01-20,27.88
2016-01-21,29.25
2016-01-22,32.18
2016-01-25,30.5
2016-01-26,31.8
2016-01-27,33.1
2016-01-28,33.89
2016-01-29,34.74
2016-02-01,34.69
2016-02-02,32.72
2016-02-03,35.04
2016-02-04,34.46
2016-02-05,34.06
2016-02-08,32.88
2016-02-09,30.32
2016-02-10,30.84
2016-02-11,30.06
2016-02-12,33.36
2016-02-16,32.18
2016-02-17,34.5
2016-02-18,34.28
2016-02-19,33.01
2016-02-22,34.69
2016-02-23,33.27
2016-02-24,34.41
2016-02-25,35.29
2016-02-26,35.1
2016-02-29,35.97
2016-03-01,35.96
2016-03-02,36.93
2016-03-03,37.07
2016-03-04,38.72
2016-03-07,40.84
2016-03-08,39.65
2016-03-09,41.07
2016-03-10,40.05
2016-03-11,40.39
2016-03-13,39.53
2016-03-14,38.74
2016-03-15,40.33
2016-03-16,41.54
2016-03-17,41.2
2016-03-20,41.54
2016-03-21,41.79
2016-03-22,40.47
2016-03-23,40.44
2016-03-27,40.27
2016-03-28,39.14
2016-03-29,39.26
2016-03-31,39.66
2016-04-03,37.69
2016-04-04,37.87
2016-04-05,39.84
2016-04-06,39.43
2016-04-07,41.94
2016-04-10,42.83
2016-04-11,44.69
2016-04-12,44.18
2016-04-13,43.84
2016-04-14,43.1
2016-04-17,42.91
2016-04-18,44.03
2016-04-19,45.8
2016-04-20,44.53
2016-04-21,45.11
2016-04-24,44.48
2016-04-25,45.74
2016-04-26,47.18
2016-04-27,48.14
2016-04-28,48.13
2016-05-01,48.1
2016-05-02,46.75
2016-05-03,44.62
2016-05-04,45.01
2016-05-05,45.37
2016-05-08,43.63
2016-05-09,45.52
2016-05-10,47.6
2016-05-11,48.08
2016-05-12,47.83
2016-05-15,48.97
2016-05-16,49.28
2016-05-17,48.93
2016-05-18,48.81
2016-05-19,48.72
2016-05-22,48.35
2016-05-23,48.61
2016-05-24,49.74
2016-05-25,49.59
2016-05-26,49.32
2016-05-30,49.69
2016-05-31,49.71
2016-06-01,50.04
2016-06-02,49.64
2016-06-05,50.55
2016-06-06,51.44
2016-06-07,52.51
2016-06-08,51.95
2016-06-09,50.54
2016-06-12,50.35
2016-06-13,49.83
2016-06-14,48.97
2016-06-15,47.19
2016-06-16,49.17
2016-06-19,50.65
2016-06-20,50.62
2016-06-21,49.88
2016-06-22,50.91
2016-06-23,48.41
2016-06-26,47.16
2016-06-27,48.58
2016-06-28,50.61
2016-06-30,49.84
2016-07-04,47.96
2016-07-05,48.8
2016-07-06,46.4
2016-07-07,46.76
2016-07-10,46.25
2016-07-11,48.47
2016-07-12,46.26
2016-07-13,47.37
2016-07-14,47.61
2016-07-17,46.96
2016-07-18,46.66
2016-07-19,47.17
2016-07-20,46.2
2016-07-21,45.69
2016-07-24,44.72
2016-07-25,44.87
2016-07-26,43.47
2016-07-27,42.7
2016-07-28,42.46
2016-07-31,42.45
2016-08-01,41.8
2016-08-02,43.1
2016-08-03,44.29
2016-08-04,44.27
2016-08-07,45.39
2016-08-08,44.98
2016-08-09,44.05
2016-08-10,46.04
2016-08-11,46.97
2016-08-14,48.35
2016-08-15,49.23
2016-08-16,49.85
2016-08-17,50.89
2016-08-18,50.88
2016-08-21,49.16
2016-08-22,49.96
2016-08-23,49.05
2016-08-24,49.67
2016-08-25,49.92
2016-08-28,49.26
2016-08-29,48.37
2016-08-30,47.04
2016-08-31,47.05
2016-09-01,46.83
2016-09-05,47.26
2016-09-06,47.98
2016-09-07,49.99
2016-09-08,48.01
2016-09-11,48.32
2016-09-12,47.1
2016-09-13,45.85
2016-09-14,46.59
2016-09-15,45.77
2016-09-18,45.95
2016-09-19,45.88
2016-09-20,46.83
2016-09-21,47.65
2016-09-22,45.89
2016-09-25,47.35
2016-09-26,45.97
2016-09-27,48.69
2016-09-28,49.24
2016-10-02,49.1
2016-10-03,50.87
2016-10-04,51.86
2016-10-05,52.51
2016-10-06,51.93
2016-10-10,52.41
2016-10-11,51.81
2016-10-12,52.03
2016-10-13,51.95
2016-10-16,51.52
2016-10-17,51.68
2016-10-18,52.67
2016-10-19,51.38
2016-10-20,51.78
2016-10-23,51.46
2016-10-24,50.79
2016-10-25,49.98
2016-10-26,50.47
2016-10-27,49.71
2016-10-30,48.3
2016-10-31,48.33
2016-11-01,46.86
2016-11-02,46.35
2016-11-03,45.58
2016-11-07,46.15
2016-11-08,46.04
2016-11-09,46.36
2016-11-10,45.84
2016-11-14,44.43
2016-11-15,46.95
2016-11-16,46.63
2016-11-17,46.49
2016-11-18,46.86
2016-11-21,48.9
2016-11-22,49.12
2016-11-23,48.95
2016-11-25,47.24
2016-11-28,48.24
2016-11-29,46.38
2016-11-30,50.47
2016-12-01,50.46
2016-12-02,54.46
2016-12-05,54.94
2016-12-06,53.93
2016-12-07,53
2016-12-08,53.89
2016-12-09,54.33
2016-12-12,55.69
2016-12-13,55.72
2016-12-14,53.9
2016-12-15,54.02
2016-12-16,55.21
2016-12-19,54.92
2016-12-20,55.35
2016-12-21,54.46
2016-12-22,55.05
2016-12-23,55.16
2016-12-27,56.09
2016-12-28,56.22
2016-12-29,56.14
2016-12-30,56.13
2017-01-03,55.47
2017-01-04,56.46
2017-01-05,56.89
2017-01-06,57.1
2017-01-09,54.94
2017-01-10,53.64
2017-01-11,55.1
2017-01-12,56.01
2017-01-13,55.45
2017-01-17,55.47
2017-01-18,53.92
2017-01-19,54.16
2017-01-20,55.49
2017-01-23,55.23
2017-01-24,55.44
2017-01-25,55.08
2017-01-26,56.24
2017-01-27,55.52
2017-01-30,55.23
2017-01-31,55.7
2017-02-01,55.66
2017-02-02,56.56
2017-02-03,56.81
2017-02-06,55.72
2017-02-07,55.05
2017-02-08,55.12
2017-02-09,55.63
2017-02-10,56.7
2017-02-13,55.59
2017-02-14,55.97
2017-02-15,55.75
2017-02-16,55.65
2017-02-17,55.81
2017-02-21,56.66
2017-02-22,55.84
2017-02-23,56.58
2017-02-24,55.99
2017-02-27,55.93
2017-02-28,55.59
2017-03-01,55.6
2017-03-02,55.08
2017-03-03,55.9
2017-03-06,56.01
2017-03-07,55.92
2017-03-08,53.11
2017-03-09,52.19
2017-03-10,51.37
2017-03-12,51.35
2017-03-13,50.92
2017-03-14,51.81
2017-03-15,51.74
2017-03-16,51.76
2017-03-19,51.62
2017-03-20,50.96
2017-03-21,50.64
2017-03-22,50.56
2017-03-23,50.8
2017-03-26,50.75
2017-03-27,51.33
2017-03-28,52.42
2017-03-29,52.96
2017-04-02,52.73
2017-04-03,54.17
2017-04-04,54.36
2017-04-05,54.89
2017-04-06,55.24
2017-04-09,55.98
2017-04-10,56.23
2017-04-11,55.86
2017-04-12,55.89
2017-04-16,55.36
2017-04-17,54.89
2017-04-18,52.93
2017-04-19,52.99
2017-04-20,51.96
2017-04-23,51.6
2017-04-24,52.1
2017-04-25,51.82
2017-04-26,51.44
2017-04-27,51.73
2017-04-30,51.66
2017-05-02,50.79
2017-05-03,48.38
2017-05-04,49.1
2017-05-07,49.34
2017-05-08,48.73
2017-05-09,50.22
2017-05-10,50.77
2017-05-11,50.84
2017-05-14,51.82
2017-05-15,51.65
2017-05-16,52.21
2017-05-17,52.51
2017-05-18,53.61
2017-05-21,53.87
2017-05-22,54.15
2017-05-23,53.96
2017-05-24,51.46
2017-05-25,52.15
2017-05-29,51.84
2017-05-30,50.31
2017-05-31,50.33
2017-06-01,49.95
2017-06-04,49.47
2017-06-05,50.12
2017-06-06,48.06
2017-06-07,47.86
2017-06-08,48.15
2017-06-11,48.29
2017-06-12,48.72
2017-06-13,47
2017-06-14,46.92
2017-06-15,47.37
2017-06-18,46.91
2017-06-19,46.02
2017-06-20,44.82
2017-06-21,45.22
2017-06-22,45.54
2017-06-25,45.83
2017-06-26,46.65
2017-06-27,47.31
2017-06-28,47.42
2017-07-03,47.87
2017-07-04,47.79
2017-07-05,48.11
2017-07-06,46.71
2017-07-09,46.88
2017-07-10,47.52
2017-07-11,47.74
2017-07-12,48.42
2017-07-13,48.91
2017-07-16,48.42
2017-07-17,48.84
2017-07-18,49.7
2017-07-19,49.3
2017-07-20,48.06
2017-07-23,48.6
2017-07-24,50.2
2017-07-25,50.97
2017-07-26,51.49
2017-07-27,52.52
2017-07-30,52.65
2017-07-31,52.63
2017-08-01,52.36
2017-08-02,52.01
2017-08-03,52.42
2017-08-06,52.37
2017-08-07,52.14
2017-08-08,52.7
2017-08-09,51.9
2017-08-10,52.1
2017-08-13,50.73
2017-08-14,50.8
2017-08-15,50.27
2017-08-16,51.03
2017-08-17,52.72
2017-08-20,51.66
2017-08-21,51.87
2017-08-22,52.57
2017-08-23,52.04
2017-08-24,52.41
2017-08-27,51.89
2017-08-28,52
2017-08-29,50.86
2017-08-30,52.38
2017-08-31,52.32
2017-09-04,53.38
2017-09-05,54.2
2017-09-06,54.49
2017-09-07,53.78
2017-09-10,53.84
2017-09-11,54.27
2017-09-12,55.16
2017-09-13,55.47
2017-09-14,55.62
2017-09-17,55.48
2017-09-18,55.14
2017-09-19,56.29
2017-09-20,56.43
2017-09-21,56.86
2017-09-24,59.02
2017-09-25,58.44
2017-09-26,57.9
2017-09-27,57.41
2017-09-28,57.54
2017-10-01,57.46
2017-10-02,56
2017-10-03,55.8
2017-10-04,57
2017-10-05,55.62
2017-10-08,55.79
2017-10-09,56.61
2017-10-10,56.94
2017-10-11,56.25
2017-10-12,57.17
2017-10-15,57.82
2017-10-16,57.88
2017-10-17,58.15
2017-10-18,57.23
2017-10-19,57.75
2017-10-22,57.37
2017-10-23,58.33
2017-10-24,58.44
2017-10-25,59.3
2017-10-26,60.44
2017-10-29,60.9
2017-10-30,61.37
2017-10-31,61.29
2017-11-01,60.62
2017-11-02,62.07
2017-11-06,64.27
2017-11-07,63.69
2017-11-08,63.49
2017-11-09,63.93
2017-11-10,63.52
2017-11-13,63.16
2017-11-14,62.21
2017-11-15,61.87
2017-11-16,61.36
2017-11-17,62.72
2017-11-20,62.22
2017-11-21,62.57
2017-11-22,63.32
2017-11-24,63.86
2017-11-27,63.84
2017-11-28,63.61
2017-11-29,63.11
2017-11-30,63.57
2017-12-01,63.49
2017-12-04,62.45
2017-12-05,62.86
2017-12-06,61.22
2017-12-07,62.2
2017-12-08,63.4
2017-12-11,64.69
2017-12-12,63.34
2017-12-13,62.44
2017-12-14,63.31
2017-12-15,63.23
2017-12-18,63.41
2017-12-19,63.8
2017-12-20,64.56
2017-12-21,64.9
2017-12-22,65.25
2017-12-26,67.02
2017-12-27,66.44
2017-12-28,66.72
2017-12-29,66.6
2018-01-02,66.57
2018-01-03,67.84
2018-01-04,68.07
2018-01-05,67.62
2018-01-08,67.78
2018-01-09,68.82
2018-01-10,69.2
2018-01-11,69.26
2018-01-12,69.87
2018-01-16,69.15
2018-01-17,69.38
2018-01-18,69.31
2018-01-19,68.61
2018-01-22,69.03
2018-01-23,69.96
2018-01-24,70.53
2018-01-25,70.42
2018-01-26,70.52
2018-01-29,69.46
2018-01-30,69.02
2018-01-31,69.05
2018-02-01,69.08
2018-02-02,68.58
2018-02-05,67.62
2018-02-06,66.86
2018-02-07,65.51
2018-02-08,64.81
2018-02-09,62.79
2018-02-12,62.59
2018-02-13,62.72
2018-02-14,64.36
2018-02-15,64.33
2018-02-16,64.84
2018-02-20,65.25
2018-02-21,65.42
2018-02-22,66.39
2018-02-23,67.31
2018-02-26,67.5
2018-02-27,66.63
2018-02-28,65.78
2018-03-01,65.71
2018-03-02,64.37
2018-03-05,65.54
2018-03-06,65.79
2018-03-07,64.34
2018-03-08,63.61
2018-03-09,65.49
2018-03-11,64.95
2018-03-12,64.64
2018-03-13,64.89
2018-03-14,65.12
2018-03-15,66.21
2018-03-18,66.05
2018-03-19,67.42
2018-03-20,69.47
2018-03-21,68.91
2018-03-22,70.45
2018-03-25,70.12
2018-03-26,70.11
2018-03-27,69.53
2018-03-28,70.27
2018-04-01,70.14
2018-04-03,68.02
2018-04-04,68.33
2018-04-05,67.11
2018-04-08,68.65
2018-04-09,71.04
2018-04-10,72.06
2018-04-11,72.02
2018-04-12,72.58
2018-04-15,71.42
2018-04-16,71.58
2018-04-17,73.48
2018-04-18,73.78
2018-04-19,74.06
2018-04-22,74.71
2018-04-23,73.86
2018-04-24,74
2018-04-25,74.74
2018-04-26,74.64
2018-04-29,75.17
2018-04-30,75.17
2018-05-01,73.36
2018-05-02,73.62
2018-05-03,74.87
2018-05-06,76.17
2018-05-07,74.85
2018-05-08,77.21
2018-05-09,77.47
2018-05-10,77.12
2018-05-13,78.23
2018-05-14,78.43
2018-05-15,79.28
2018-05-16,79.3
2018-05-17,78.51
2018-05-20,79.22
2018-05-21,79.57
2018-05-22,79.8
2018-05-23,78.79
2018-05-24,76.44
2018-05-28,75.39
2018-05-29,77.5
2018-05-30,77.59
2018-05-31,77.59
2018-06-03,75.29
2018-06-04,75.38
2018-06-05,75.36
2018-06-06,77.32
2018-06-07,76.46
2018-06-10,76.46
2018-06-11,75.88
2018-06-12,76.74
2018-06-13,75.94
2018-06-14,73.44
2018-06-17,75.34
2018-06-18,75.08
2018-06-19,74.74
2018-06-20,73.05
2018-06-21,75.55
2018-06-24,74.73
2018-06-25,76.31
2018-06-26,77.62
2018-06-27,77.85
2018-06-28,79.44
2018-07-01,79.41
2018-07-03,77.76
2018-07-04,77.39
2018-07-05,77.11
2018-07-08,78.07
2018-07-09,78.86
2018-07-10,73.4
2018-07-11,74.45
2018-07-12,75.33
2018-07-15,71.84
2018-07-16,72.16
2018-07-17,72.9
2018-07-18,72.58
2018-07-19,73.07
2018-07-22,73.06
2018-07-23,73.44
2018-07-24,73.93
2018-07-25,74.54
2018-07-26,74.29
2018-07-29,74.97
2018-07-30,74.25
2018-07-31,74.25
2018-08-01,73.45
2018-08-02,73.21
2018-08-05,73.75
2018-08-06,74.65
2018-08-07,72.28
2018-08-08,72.07
2018-08-09,72.81
2018-08-12,72.61
2018-08-13,72.46
2018-08-14,70.76
2018-08-15,71.43
2018-08-16,71.83
2018-08-19,72.21
2018-08-20,72.63
2018-08-21,74.78
2018-08-22,74.73
2018-08-23,75.82
2018-08-26,76.21
2018-08-27,75.95
2018-08-28,77.14
2018-08-29,77.77
2018-08-30,77.42
2018-09-03,78.17
2018-09-04,77.27
2018-09-05,76.5
2018-09-06,76.83
2018-09-09,77.37
2018-09-10,79.06
2018-09-11,79.74
2018-09-12,78.18
2018-09-13,78.09
2018-09-16,78.05
2018-09-17,79.03
2018-09-18,79.4
2018-09-19,78.7
2018-09-20,78.8
2018-09-23,81.2
2018-09-24,81.87
2018-09-25,81.34
2018-09-26,81.72
2018-09-27,82.72
2018-09-30,82.67
2018-10-01,84.8
2018-10-02,86.29
2018-10-03,84.58
2018-10-04,84.16
2018-10-07,83.91
2018-10-08,85
2018-10-09,83.09
2018-10-10,80.26
2018-10-11,80.43
2018-10-14,80.78
2018-10-15,81.41
2018-10-16,80.05
2018-10-17,79.29
2018-10-18,79.78
2018-10-21,79.83
2018-10-22,76.44
2018-10-23,76.17
2018-10-24,76.89
2018-10-25,77.62
2018-10-28,77.34
2018-10-29,75.91
2018-10-30,75.47
2018-10-31,75.5
2018-11-01,72.83
2018-11-05,73.17
2018-11-06,72.13
2018-11-07,72.07
2018-11-08,70.65
2018-11-09,70.18
2018-11-12,70.12
2018-11-13,65.47
2018-11-14,66.12
2018-11-15,66.62
2018-11-16,66.76
2018-11-19,66.79
2018-11-20,62.53
2018-11-21,63.48
2018-11-23,58.8
2018-11-26,60.48
2018-11-27,60.21
2018-11-28,58.76
2018-11-29,59.51
2018-11-30,58.71
2018-12-03,58.69
2018-12-04,62.08
2018-12-06,60.06
2018-12-07,61.67
2018-12-10,59.97
2018-12-11,60.2
2018-12-12,60.15
2018-12-13,61.45
2018-12-14,60.28
2018-12-17,59.61
2018-12-18,56.26
2018-12-19,57.24
2018-12-20,54.35
2018-12-21,53.82
2018-12-24,50.47
2018-12-26,54.47
2018-12-27,52.16
2018-12-28,52.2
2019-01-02,54.91
2019-01-03,55.95
2019-01-04,57.06
2019-01-07,57.33
2019-01-08,58.72
2019-01-09,61.44
2019-01-10,61.68
2019-01-11,60.48
2019-01-14,58.99
2019-01-15,60.64
2019-01-16,61.32
2019-01-17,61.18
2019-01-18,62.7
2019-01-22,61.5
2019-01-23,61.14
2019-01-24,61.09
2019-01-25,61.64
2019-01-28,59.93
2019-01-29,61.32
2019-01-30,61.65
2019-01-31,61.89
2019-02-01,61.87
2019-02-04,62.51
2019-02-05,61.98
2019-02-06,62.69
2019-02-07,61.63
2019-02-08,62.1
2019-02-11,61.51
2019-02-12,62.42
2019-02-13,63.61
2019-02-14,64.57
2019-02-15,66.25
2019-02-19,66.45
2019-02-20,67.08
2019-02-21,67.07
2019-02-22,67.12
2019-02-25,64.76
2019-02-26,65.21
2019-02-27,66.39
2019-02-28,66.03
2019-03-01,66.01
2019-03-04,65.67
2019-03-05,65.86
2019-03-06,65.99
2019-03-07,66.3
2019-03-08,65.74
2019-03-10,66.58
2019-03-11,66.67
2019-03-12,67.55
2019-03-13,67.23
2019-03-14,67.16
2019-03-17,67.54
2019-03-18,67.61
2019-03-19,68.5
2019-03-20,67.86
2019-03-21,67.03
2019-03-24,67.21
2019-03-25,67.97
2019-03-26,67.83
2019-03-27,67.82
2019-03-28,68.39
2019-03-31,68.35
2019-04-01,69.37
2019-04-02,69.31
2019-04-03,69.4
2019-04-04,70.34
2019-04-07,71.1
2019-04-08,70.61
2019-04-09,71.73
2019-04-10,70.83
2019-04-11,71.55
2019-04-14,71.18
2019-04-15,71.72
2019-04-16,71.62
2019-04-17,71.97
2019-04-21,74.04
2019-04-22,74.51
2019-04-23,74.57
2019-04-24,74.35
2019-04-25,72.15
2019-04-28,72.04
2019-04-29,72.8
2019-04-30,72.79
2019-05-01,70.75
2019-05-02,70.85
2019-05-05,71.24
2019-05-06,69.88
2019-05-07,70.37
2019-05-08,70.39
2019-05-09,70.62
2019-05-12,70.23
2019-05-13,71.24
2019-05-14,71.77
2019-05-15,72.62
2019-05-16,72.21
2019-05-19,71.97
2019-05-20,72.18
2019-05-21,70.99
2019-05-22,67.76
2019-05-23,68.69
2019-05-27,70.11
2019-05-28,69.45
2019-05-29,66.87
2019-05-30,64.49
2019-06-02,64.45
2019-06-03,61.97
2019-06-04,60.63
2019-06-05,61.67
2019-06-06,63.29
2019-06-09,62.29
2019-06-10,62.29
2019-06-11,59.97
2019-06-12,61.31
2019-06-13,62.01
2019-06-16,60.94
2019-06-17,62.14
2019-06-18,61.82
2019-06-19,64.45
2019-06-20,65.2
2019-06-23,64.86
2019-06-24,65.05
2019-06-25,66.49
2019-06-26,66.55
2019-06-27,66.55
2019-06-30,66.5
2019-07-01,62.4
2019-07-03,63.82
2019-07-04,64.23
2019-07-07,64.11
2019-07-08,64.16
2019-07-09,67.01
2019-07-10,66.52
2019-07-11,66.72
2019-07-14,66.48
2019-07-15,64.35
2019-07-16,63.66
2019-07-17,61.93
2019-07-18,62.47
2019-07-21,63.26
2019-07-22,63.83
2019-07-23,63.18
2019-07-24,63.39
2019-07-25,63.46
2019-07-28,63.71
2019-07-29,64.72
2019-07-30,65.17
2019-07-31,65.19
2019-08-01,61.89
2019-08-04,59.81
2019-08-05,58.94
2019-08-06,56.23
2019-08-07,57.38
2019-08-08,58.53
2019-08-11,58.57
2019-08-12,61.3
2019-08-13,59.48
2019-08-14,58.23
2019-08-15,58.64
2019-08-18,59.74
2019-08-19,60.03
2019-08-20,60.3
2019-08-21,59.92
2019-08-22,59.34
2019-08-25,58.7
2019-08-26,59.51
2019-08-27,60.49
2019-08-28,61.08
2019-08-29,60.43
2019-09-02,58.26
2019-09-03,60.7
2019-09-04,60.95
2019-09-05,61.54
2019-09-08,62.59
2019-09-09,62.38
2019-09-10,60.81
2019-09-11,60.38
2019-09-12,60.22
2019-09-15,69.02
2019-09-16,64.55
2019-09-17,63.6
2019-09-18,64.4
2019-09-19,64.28
2019-09-22,64.77
2019-09-23,63.1
2019-09-24,62.39
2019-09-25,62.74
2019-09-26,61.91
2019-09-30,60.75
2019-10-01,57.69
2019-10-02,57.71
2019-10-03,58.37
2019-10-06,58.35
2019-10-07,58.24
2019-10-08,58.32
2019-10-09,59.1
2019-10-10,60.51
2019-10-13,59.35
2019-10-14,58.74
2019-10-15,59.42
2019-10-16,59.91
2019-10-17,59.42
2019-10-20,58.96
2019-10-21,59.7
2019-10-22,61.17
2019-10-23,61.67
2019-10-24,62.02
2019-10-27,61.57
2019-10-28,61.59
2019-10-29,60.61
2019-10-30,60.23
2019-10-31,60.21
2019-11-04,62.13
2019-11-05,62.96
2019-11-06,61.74
2019-11-07,62.29
2019-11-08,62.51
2019-11-11,62.18
2019-11-12,62.06
2019-11-13,62.37
2019-11-14,62.28
2019-11-15,63.3
2019-11-18,62.44
2019-11-19,60.91
2019-11-20,62.4
2019-11-21,63.97
2019-11-22,63.39
2019-11-25,63.65
2019-11-26,64.27
2019-11-27,64.06
2019-11-29,62.43
2019-12-02,62.4
2019-12-03,60.82
2019-12-04,63
2019-12-05,63.39
2019-12-06,64.39
2019-12-09,64.25
2019-12-10,64.34
2019-12-11,63.72
2019-12-12,64.2
2019-12-13,65.22
2019-12-16,65.34
2019-12-17,66.1
2019-12-18,66.17
2019-12-19,66.54
2019-12-20,66.14
2019-12-23,66.39
2019-12-24,67.2
2019-12-26,67.92
2019-12-27,68.16
2019-12-30,68.44
2020-01-02,66.25
2020-01-03,68.6
2020-01-06,68.91
2020-01-07,68.27
2020-01-08,65.44
2020-01-09,65.37
2020-01-10,64.98
2020-01-13,64.2
2020-01-14,64.49
2020-01-15,64
2020-01-16,64.62
2020-01-17,64.85
2020-01-21,64.59
2020-01-22,63.21
2020-01-23,62.04
2020-01-24,60.69
2020-01-27,59.32
2020-01-28,59.51
2020-01-29,59.81
2020-01-30,58.29
2020-01-31,58.16
2020-02-03,58.2
2020-02-04,53.96
2020-02-05,55.28
2020-02-06,54.93
2020-02-07,54.47
2020-02-10,53.27
2020-02-11,54.01
2020-02-12,55.79
2020-02-13,56.34
2020-02-14,57.32
2020-02-18,57.75
2020-02-19,59.12
2020-02-20,59.31
2020-02-21,58.5
2020-02-24,56.3
2020-02-25,54.95
2020-02-26,53.43
2020-02-27,52.18
2020-02-28,50.52
2020-03-02,50.48
2020-03-03,51.86
2020-03-04,51.13
2020-03-05,49.99
2020-03-06,45.27
2020-03-08,34.36
2020-03-09,37.22
2020-03-10,35.79
2020-03-11,33.22
2020-03-12,33.85
2020-03-15,30.05
2020-03-16,28.73
2020-03-17,24.88
2020-03-18,28.47
2020-03-19,26.98
2020-03-22,27.03
2020-03-23,27.15
2020-03-24,27.39
2020-03-25,26.34
2020-03-26,24.93
2020-03-29,22.76
2020-03-31,22.76
2020-04-01,29.94
2020-04-02,34.11
2020-04-05,33.05
2020-04-06,31.87
2020-04-07,32.84
2020-04-08,31.48
2020-04-12,31.74
2020-04-13,29.6
2020-04-14,27.69
2020-04-15,27.82
2020-04-16,28.08
2020-04-19,25.57
2020-04-20,19.33
2020-04-21,20.37
2020-04-22,21.33
2020-04-23,21.44
2020-04-26,19.99
2020-04-27,20.46
2020-04-28,22.54
2020-04-29,25.27
2020-04-30,25.29
2020-05-03,27.2
2020-05-04,30.97
2020-05-05,29.72
2020-05-06,29.46
2020-05-07,30.97
2020-05-10,29.63
2020-05-11,29.98
2020-05-12,29.19
2020-05-13,31.13
2020-05-14,32.5
2020-05-17,34.81
2020-05-18,34.65
2020-05-19,35.75
2020-05-20,36.06
2020-05-21,35.13
2020-05-25,36.17
2020-05-26,34.74
2020-05-27,35.29
2020-05-28,35.33
2020-05-31,35.32
2020-06-01,39.57
2020-06-02,39.79
2020-06-03,39.99
2020-06-04,42.3
2020-06-07,40.8
2020-06-08,41.18
2020-06-09,41.73
2020-06-10,38.55
2020-06-11,38.73
2020-06-14,39.72
2020-06-15,40.96
2020-06-16,40.71
2020-06-17,41.51
2020-06-18,42.19
2020-06-21,43.08
2020-06-22,42.63
2020-06-23,40.31
2020-06-24,41.05
2020-06-25,41.02
2020-06-28,41.71
2020-06-30,41.13
2020-07-01,43.14
2020-07-05,43.1
2020-07-06,43.08
2020-07-07,43.29
2020-07-08,42.35
2020-07-09,43.24
2020-07-12,42.72
2020-07-13,42.9
2020-07-14,43.79
2020-07-15,43.37
2020-07-16,43.14
2020-07-19,43.28
2020-07-20,44.32
2020-07-21,44.29
2020-07-22,43.31
2020-07-23,43.34
2020-07-26,43.41
2020-07-27,43.22
2020-07-28,43.75
2020-07-29,42.94
2020-07-30,43.3
2020-08-02,43.26
2020-08-03,44.43
2020-08-04,45.17
2020-08-05,45.09
2020-08-06,44.4
2020-08-09,44.99
2020-08-10,44.5
2020-08-11,45.43
2020-08-12,44.96
2020-08-13,44.8
2020-08-16,45.37
2020-08-17,45.46
2020-08-18,45.37
2020-08-19,44.9
2020-08-20,44.35
2020-08-23,45.13
2020-08-24,45.86
2020-08-25,45.64
2020-08-26,45.09
2020-08-27,45.05
2020-08-30,45.1
2020-09-01,44.43
2020-09-02,44.07
2020-09-03,42.66
2020-09-07,39.78
2020-09-08,40.79
2020-09-09,40.06
2020-09-10,39.83
2020-09-13,39.61
2020-09-14,40.53
2020-09-15,42.22
2020-09-16,43.3
2020-09-17,43.15
2020-09-20,41.44
2020-09-21,41.72
2020-09-22,41.77
2020-09-23,41.94
2020-09-24,41.92
2020-09-27,42.43
2020-09-28,41.03
2020-09-30,40.96
2020-10-01,39.27
2020-10-04,41.29
2020-10-05,42.65
2020-10-06,41.99
2020-10-07,43.34
2020-10-08,42.85
2020-10-11,41.72
2020-10-12,42.45
2020-10-13,43.32
2020-10-14,43.16
2020-10-15,42.93
2020-10-18,42.62
2020-10-19,43.16
2020-10-20,41.73
2020-10-21,42.46
2020-10-22,41.77
2020-10-25,40.46
2020-10-26,41.2
2020-10-27,39.12
2020-10-28,37.65
2020-10-29,37.46
2020-11-02,37.46
2020-11-03,39.71
2020-11-04,41.23
2020-11-05,40.93
2020-11-06,39.45
2020-11-09,42.4
2020-11-10,43.61
2020-11-11,43.8
2020-11-12,43.53
2020-11-13,42.78
2020-11-16,43.82
2020-11-17,43.75
2020-11-18,44.34
2020-11-19,44.2
2020-11-20,44.96
2020-11-23,46.06
2020-11-24,47.86
2020-11-25,48.61
2020-11-27,48.18
2020-11-30,47.59
2020-12-01,47.61
2020-12-02,48.25
2020-12-03,48.71
2020-12-04,49.25
2020-12-07,48.79
2020-12-08,48.84
2020-12-09,48.86
2020-12-10,50.25
2020-12-11,49.97
2020-12-14,50.29
2020-12-15,50.76
2020-12-16,51.08
2020-12-17,51.5
2020-12-18,52.26
2020-12-21,50.91
2020-12-22,50.08
2020-12-23,51.2
2020-12-24,51.29
2020-12-28,50.86
2020-12-29,51.09
2020-12-30,51.34
2021-01-04,51.09
2021-01-05,53.6
2021-01-06,54.3
2021-01-07,54.38
2021-01-08,55.99
2021-01-11,55.66
2021-01-12,56.58
2021-01-13,56.06
2021-01-14,56.42
2021-01-15,55.1
2021-01-19,55.9
2021-01-20,56.08
2021-01-21,56.1
2021-01-22,55.41
2021-01-25,55.88
2021-01-26,55.91
2021-01-27,55.81
2021-01-28,55.53
2021-01-29,55.88
2021-02-01,55.88
2021-02-02,57.46
2021-02-03,58.46
2021-02-04,58.84
2021-02-05,59.34
2021-02-08,60.56
2021-02-09,61.09
2021-02-10,61.47
2021-02-11,61.14
2021-02-12,62.43
2021-02-16,63.35
2021-02-17,64.34
2021-02-18,63.93
2021-02-19,62.91
2021-02-22,65.24
2021-02-23,65.37
2021-02-24,67.04
2021-02-25,66.88
2021-02-26,66.13
2021-03-01,65.95
2021-03-02,62.7
2021-03-03,64.07
2021-03-04,66.74
2021-03-05,69.36
2021-03-08,68.24
2021-03-09,67.52
2021-03-10,67.9
2021-03-11,69.63
2021-03-12,69.22
2021-03-14,68.88
2021-03-15,68.39
2021-03-16,68
2021-03-17,63.28
2021-03-18,64.53
2021-03-21,64.62
2021-03-22,60.79
2021-03-23,64.41
2021-03-24,61.95
2021-03-25,64.57
2021-03-28,64.98
2021-03-29,64.14
2021-03-31,63.6
2021-04-04,62.15
2021-04-05,62.74
2021-04-06,63.16
2021-04-07,63.2
2021-04-08,62.95
2021-04-11,63.28
2021-04-12,63.67
2021-04-13,66.58
2021-04-14,66.94
2021-04-15,66.77
2021-04-18,67.05
2021-04-19,66.57
2021-04-20,65.32
2021-04-21,65.4
2021-04-22,66.11
2021-04-25,65.65
2021-04-26,66.42
2021-04-27,67.27
2021-04-28,68.56
2021-04-29,67.25
2021-05-02,67.29
2021-05-04,68.96
2021-05-05,68.09
2021-05-06,68.28
2021-05-09,68.32
2021-05-10,68.55
2021-05-11,69.32
2021-05-12,67.05
2021-05-13,68.71
2021-05-16,69.46
2021-05-17,68.71
2021-05-18,66.66
2021-05-19,65.11
2021-05-20,66.44
2021-05-23,68.46
2021-05-24,68.65
2021-05-25,68.87
2021-05-26,69.46
2021-05-27,69.63
2021-05-31,69.63
2021-06-01,71.35
2021-06-02,71.31
2021-06-03,71.89
2021-06-06,71.49
2021-06-07,72.22
2021-06-08,72.22
2021-06-09,72.52
2021-06-10,72.69
2021-06-13,72.86
2021-06-14,73.99
2021-06-15,74.39
2021-06-16,73.08
2021-06-17,73.51
2021-06-20,74.9
2021-06-21,74.81
2021-06-22,75.19
2021-06-23,75.56
2021-06-24,76.18
2021-06-27,74.68
2021-06-28,74.76
2021-06-30,75.84
2021-07-01,76.17
2021-07-05,74.53
2021-07-06,73.43
2021-07-07,74.12
2021-07-08,75.55
2021-07-11,75.16
2021-07-12,76.49
2021-07-13,74.76
2021-07-14,73.47
2021-07-15,73.59
2021-07-18,68.62
2021-07-19,69.35
2021-07-20,72.23
2021-07-21,73.79
2021-07-22,74.1
2021-07-25,74.5
2021-07-26,74.48
2021-07-27,74.74
2021-07-28,76.05
2021-07-29,76.33
2021-08-01,72.89
2021-08-02,72.41
2021-08-03,70.38
2021-08-04,71.29
2021-08-05,70.7
2021-08-08,69.04
2021-08-09,70.63
2021-08-10,71.44
2021-08-11,71.31
2021-08-12,70.59
2021-08-15,69.51
2021-08-16,69.03
2021-08-17,68.23
2021-08-18,66.45
2021-08-19,65.18
2021-08-22,68.75
2021-08-23,71.05
2021-08-24,72.25
2021-08-25,71.07
2021-08-26,72.7
2021-08-29,73.41
2021-08-30,72.99
2021-08-31,71.59
2021-09-01,73.03
2021-09-02,72.61
2021-09-06,71.69
2021-09-07,72.6
2021-09-08,71.45
2021-09-09,72.92
2021-09-12,73.51
2021-09-13,73.6
2021-09-14,75.46
2021-09-15,75.67
2021-09-16,75.34
2021-09-19,73.92
2021-09-20,74.36
2021-09-21,76.19
2021-09-22,77.25
2021-09-23,78.09
2021-09-26,79.53
2021-09-27,79.09
2021-09-28,78.64
2021-09-30,79.28
2021-10-03,81.26
2021-10-04,82.56
2021-10-05,81.08
2021-10-06,81.95
2021-10-07,82.39
2021-10-10,83.65
2021-10-11,83.42
2021-10-12,83.18
2021-10-13,84
2021-10-14,84.86
2021-10-17,84.33
2021-10-18,85.08
2021-10-19,85.82
2021-10-20,84.61
2021-10-21,85.53
2021-10-24,85.99
2021-10-25,86.4
2021-10-26,84.58
2021-10-27,84.32
2021-10-28,84.38
2021-10-31,84.71
2021-11-01,84.72
2021-11-02,81.99
2021-11-03,80.54
2021-11-04,82.74
2021-11-08,83.43
2021-11-09,84.78
2021-11-10,82.64
2021-11-11,82.87
2021-11-12,82.17
2021-11-15,82.05
2021-11-16,82.43
2021-11-17,80.28
2021-11-18,81.24
2021-11-19,78.89
2021-11-22,79.7
2021-11-23,82.31
2021-11-24,82.25
2021-11-26,72.72
2021-11-29,73.44
2021-11-30,70.57
2021-12-01,68.87
2021-12-02,69.67
2021-12-03,69.88
2021-12-06,73.08
2021-12-07,75.44
2021-12-08,75.82
2021-12-09,74.42
2021-12-10,75.15
2021-12-13,74.39
2021-12-14,73.7
2021-12-15,73.88
2021-12-16,75.02
2021-12-17,73.52
2021-12-20,71.52
2021-12-21,73.98
2021-12-22,75.29
2021-12-23,76.85
2021-12-27,78.6
2021-12-28,78.94
2021-12-29,79.23
2021-12-30,79.32
2022-01-03,78.98
2022-01-04,80
2022-01-05,80.8
2022-01-06,81.99
2022-01-07,81.75
2022-01-10,80.87
2022-01-11,83.72
2022-01-12,84.67
2022-01-13,84.47
2022-01-14,86.06
2022-01-18,87.51
2022-01-19,88.44
2022-01-20,88.38
2022-01-21,87.89
2022-01-24,86.27
2022-01-25,88.2
2022-01-26,89.96
2022-01-27,89.34
2022-01-28,90.03
2022-01-31,91.21
2022-02-01,91.29
2022-02-02,89.47
2022-02-03,91.11
2022-02-04,93.27
2022-02-07,92.69
2022-02-08,90.78
2022-02-09,91.55
2022-02-10,91.41
2022-02-11,94.44
2022-02-14,96.48
2022-02-15,93.28
2022-02-16,94.81
2022-02-17,92.97
2022-02-18,93.54
2022-02-22,96.84
2022-02-23,96.84
2022-02-24,99.08
2022-02-25,97.93
2022-02-28,100.99
2022-03-01,100.85
2022-03-02,112.93
2022-03-03,110.46
2022-03-04,118.11
2022-03-07,123.21
2022-03-08,127.98
2022-03-09,111.14
2022-03-10,109.33
2022-03-11,112.67
2022-03-13,106.9
2022-03-14,99.91
2022-03-15,98.02
2022-03-16,106.64
2022-03-17,107.93
2022-03-20,115.62
2022-03-21,115.48
2022-03-22,121.6
2022-03-23,119.03
2022-03-24,120.65
2022-03-27,112.48
2022-03-28,110.23
2022-03-29,113.45
2022-03-31,107.67
2022-04-03,107.53
2022-04-04,106.64
2022-04-05,101.07
2022-04-06,100.58
2022-04-07,102.78
2022-04-10,98.48
2022-04-11,104.64
2022-04-12,108.78
2022-04-13,111.7
2022-04-17,113.16
2022-04-18,107.25
2022-04-19,106.8
2022-04-20,108.33
2022-04-21,106.65
2022-04-24,102.32
2022-04-25,104.99
2022-04-26,105.32
2022-04-27,107.59
2022-04-28,109.34
2022-05-01,109.36
2022-05-02,104.97
2022-05-03,110.14
2022-05-04,110.9
2022-05-05,112.39
2022-05-08,105.94
2022-05-09,102.46
2022-05-10,107.51
2022-05-11,107.45
2022-05-12,111.55
2022-05-15,114.24
2022-05-16,111.93
2022-05-17,109.11
2022-05-18,112.04
2022-05-19,112.55
2022-05-22,113.42
2022-05-23,113.56
2022-05-24,114.03
2022-05-25,117.4
2022-05-26,119.43
2022-05-30,122.84
2022-05-31,116.29
2022-06-01,117.61
2022-06-02,119.72
2022-06-05,119.51
2022-06-06,120.57
2022-06-07,123.58
2022-06-08,123.07
2022-06-09,122.01
2022-06-12,122.27
2022-06-13,121.17
2022-06-14,118.51
2022-06-15,119.81
2022-06-16,113.12
2022-06-20,114.65
2022-06-21,111.74
2022-06-22,110.05
2022-06-23,113.12
2022-06-26,115.09
2022-06-27,117.98
2022-06-28,116.26
2022-06-30,111.63
2022-07-04,102.77
2022-07-05,100.69
2022-07-06,104.65
2022-07-07,107.02
2022-07-10,107.1
2022-07-11,99.49
2022-07-12,99.57
2022-07-13,99.1
2022-07-14,101.16
2022-07-17,106.27
2022-07-18,107.35
2022-07-19,106.92
2022-07-20,103.86
2022-07-21,103.2
2022-07-24,105.15
2022-07-25,104.4
2022-07-26,106.62
2022-07-27,107.14
2022-07-28,110.01
2022-07-31,100.03
2022-08-01,100.54
2022-08-02,96.78
2022-08-03,94.12
2022-08-04,94.92
2022-08-07,96.65
2022-08-08,96.31
2022-08-09,97.4
2022-08-10,99.6
2022-08-11,98.15
2022-08-14,95.1
2022-08-15,92.34
2022-08-16,93.65
2022-08-17,96.59
2022-08-18,96.72
2022-08-21,96.48
2022-08-22,100.22
2022-08-23,101.22
2022-08-24,99.34
2022-08-25,100.99
2022-08-28,105.09
2022-08-29,99.31
2022-08-30,96.49
2022-08-31,92.36
2022-09-01,93.02
2022-09-05,92.83
2022-09-06,88
2022-09-07,89.15
2022-09-08,92.84
2022-09-11,94
2022-09-12,93.17
2022-09-13,94.1
2022-09-14,90.84
2022-09-15,91.35
2022-09-18,92
2022-09-19,90.62
2022-09-20,89.83
2022-09-21,90.46
2022-09-22,86.15
2022-09-25,84.06
2022-09-26,86.27
2022-09-27,89.32
2022-09-28,88.49
2022-10-02,88.86
2022-10-03,91.8
2022-10-04,93.37
2022-10-05,94.42
2022-10-06,97.92
2022-10-09,96.19
2022-10-10,94.29
2022-10-11,92.45
2022-10-12,94.57
2022-10-13,91.63
2022-10-16,91.62
2022-10-17,90.03
2022-10-18,92.41
2022-10-19,92.38
2022-10-20,93.5
2022-10-23,93.26
2022-10-24,93.52
2022-10-25,95.69
2022-10-26,96.96
2022-10-27,95.77
2022-10-30,94.83
2022-10-31,94.65
2022-11-01,96.16
2022-11-02,94.67
2022-11-03,98.57
2022-11-07,97.92
2022-11-08,95.36
2022-11-09,92.65
2022-11-10,93.67
2022-11-11,95.99
2022-11-14,93.14
2022-11-15,93.86
2022-11-16,92.86
2022-11-17,89.78
2022-11-18,87.62
2022-11-21,87.45
2022-11-22,88.36
2022-11-23,85.41
2022-11-25,83.63
2022-11-28,83.19
2022-11-29,83.03
2022-11-30,85.43
2022-12-01,86.88
2022-12-02,85.57
2022-12-05,82.68
2022-12-06,79.35
2022-12-07,77.17
2022-12-08,76.15
2022-12-09,76.1
2022-12-12,77.99
2022-12-13,80.68
2022-12-14,82.7
2022-12-15,81.21
2022-12-16,79.04
2022-12-19,79.8
2022-12-20,79.99
2022-12-21,82.2
2022-12-22,80.98
2022-12-23,83.92
2022-12-27,84.33
2022-12-28,83.26
2022-12-29,82.26
2022-12-30,85.91
2023-01-03,82.1
2023-01-04,77.84
2023-01-05,78.69
2023-01-06,78.57
2023-01-09,79.65
2023-01-10,80.1
2023-01-11,82.67
2023-01-12,84.03
2023-01-13,85.28
2023-01-17,85.92
2023-01-18,84.98
2023-01-19,86.16
2023-01-20,87.63
2023-01-23,88.19
2023-01-24,86.13
2023-01-25,86.12
2023-01-26,87.47
2023-01-27,86.66
2023-01-30,84.9
2023-01-31,84.49
2023-02-01,82.84
2023-02-02,82.17
2023-02-03,79.94
2023-02-06,80.99
2023-02-07,83.69
2023-02-08,85.09
2023-02-09,84.5
2023-02-10,86.39
2023-02-13,86.61
2023-02-14,85.58
2023-02-15,85.38
2023-02-16,85.14
2023-02-17,83
2023-02-21,83.05
2023-02-22,80.6
2023-02-23,82.21
2023-02-24,83.16
2023-02-27,82.45
2023-02-28,83.89
2023-03-01,84.31
2023-03-02,84.75
2023-03-03,85.83
2023-03-06,86.18
2023-03-07,83.29
2023-03-08,82.66
2023-03-09,81.59
2023-03-10,82.78
2023-03-12,80.77
2023-03-13,77.45
2023-03-14,73.69
2023-03-15,74.7
2023-03-16,72.97
2023-03-19,73.79
2023-03-20,75.32
2023-03-21,76.69
2023-03-22,75.91
2023-03-23,74.99
2023-03-26,78.12
2023-03-27,78.65
2023-03-28,78.28
2023-03-29,79.27
2023-04-02,84.93
2023-04-03,84.94
2023-04-04,84.99
2023-04-05,85.12
2023-04-09,84.18
2023-04-10,85.61
2023-04-11,87.33
2023-04-12,86.09
2023-04-13,86.31
2023-04-16,84.76
2023-04-17,84.77
2023-04-18,83.12
2023-04-19,81.1
2023-04-20,81.66
2023-04-23,82.73
2023-04-24,80.77
2023-04-25,77.69
2023-04-26,78.37
2023-04-27,79.54
2023-04-30,79.31
2023-05-01,75.32
2023-05-02,72.33
2023-05-03,72.5
2023-05-04,75.3
2023-05-07,77.01
2023-05-08,77.44
2023-05-09,76.41
2023-05-10,74.98
2023-05-11,74.17
2023-05-14,75.23
2023-05-15,74.91
2023-05-16,76.96
2023-05-17,75.86
2023-05-18,75.58
2023-05-21,75.99
2023-05-22,76.84
2023-05-23,78.36
2023-05-24,76.26
2023-05-25,76.95
2023-05-29,73.54
2023-05-30,72.66
2023-05-31,74.28
2023-06-01,76.13
2023-06-04,76.71
2023-06-05,76.29
2023-06-06,76.95
2023-06-07,75.96
2023-06-08,74.79
2023-06-11,71.84
2023-06-12,74.29
2023-06-13,73.2
2023-06-14,75.67
2023-06-15,76.61
2023-06-19,75.9
2023-06-20,77.12
2023-06-21,74.14
2023-06-22,73.85
2023-06-25,74.18
2023-06-26,72.26
2023-06-27,74.03
2023-06-28,74.34
2023-07-03,74.65
2023-07-04,76.65
2023-07-05,76.52
2023-07-06,78.47
2023-07-09,77.69
2023-07-10,79.4
2023-07-11,80.11
2023-07-12,81.36
2023-07-13,79.87
2023-07-16,78.5
2023-07-17,79.63
2023-07-18,79.46
2023-07-19,79.64
2023-07-20,81.07
2023-07-23,82.74
2023-07-24,83.64
2023-07-25,82.92
2023-07-26,84.24
2023-07-27,84.99
2023-07-30,85.56
2023-07-31,84.91
2023-08-01,83.2
2023-08-02,85.14
2023-08-03,86.24
2023-08-06,85.34
2023-08-07,86.17
2023-08-08,87.55
2023-08-09,86.4
2023-08-10,86.81
2023-08-13,86.21
2023-08-14,84.89
2023-08-15,83.45
2023-08-16,84.12
2023-08-17,84.8
2023-08-20,84.46
2023-08-21,84.03
2023-08-22,83.21
2023-08-23,83.36
2023-08-24,84.48
2023-08-27,84.42
2023-08-28,85.49
2023-08-29,85.86
2023-08-30,86.86
2023-08-31,88.55
2023-09-04,90.04
2023-09-05,90.6
2023-09-06,89.92
2023-09-07,90.65
2023-09-10,90.64
2023-09-11,92.06
2023-09-12,91.88
2023-09-13,93.7
2023-09-14,93.93
2023-09-17,94.43
2023-09-18,94.34
2023-09-19,93.53
2023-09-20,93.3
2023-09-21,93.27
2023-09-24,93.29
2023-09-25,93.96
2023-09-26,96.55
2023-09-27,95.38
2023-09-28,95.31
2023-10-01,90.71
2023-10-02,90.92
2023-10-03,85.81
2023-10-04,84.07
2023-10-05,84.58
2023-10-08,88.15
2023-10-09,87.65
2023-10-10,85.82
2023-10-11,86
2023-10-12,90.89
2023-10-15,89.65
2023-10-16,89.9
2023-10-17,91.5
2023-10-18,92.38
2023-10-19,92.16
2023-10-22,89.83
2023-10-23,88.07
2023-10-24,90.13
2023-10-25,87.93
2023-10-26,90.48
2023-10-29,87.45
2023-10-30,87.41
2023-10-31,84.63
2023-11-01,86.85
2023-11-02,84.89
2023-11-06,85.18
2023-11-07,81.61
2023-11-08,79.54
2023-11-09,80.01
2023-11-10,81.43
2023-11-13,82.52
2023-11-14,82.47
2023-11-15,81.18
2023-11-16,77.42
2023-11-17,80.61
2023-11-20,82.32
2023-11-21,82.45
2023-11-22,81.96
2023-11-23,81.37
2023-11-24,80.58
2023-11-27,79.98
2023-11-28,81.68
2023-11-29,83.1
2023-11-30,82.83
2023-12-01,78.88
2023-12-04,78.03
2023-12-05,78.83
2023-12-06,74.3
2023-12-07,74.05
2023-12-08,75.84
